year,seas,fleet,catch,catch se
-999,1,1,0,0
1994,1,1,2040,0.05
1995,1,1,2297,0.05
1996,1,1,2340,0.05
1997,1,1,2670,0.05
1998,1,1,2271,0.05
1999,1,1,3097,0.05
2000,1,1,983,0.05
2001,1,1,1096,0.05
2002,1,1,1069,0.05
2003,1,1,1138,0.05
2004,1,1,2703,0.05
2005,1,1,1867,0.05
2006,1,1,1230,0.05
2007,1,1,2141,0.05
2008,1,1,2867,0.05
2009,1,1,2325,0.05
2010,1,1,2984,0.05
2011,1,1,1994,0.05
2012,1,1,3099,0.05
2013,1,1,3906,0.05
2014,1,1,2596,0.05
2015,1,1,2271,0.05
2016,1,1,3772,0.05
2017,1,1,3533,0.05
2018,1,1,2421,0.05
2019,1,1,3369,0.05
2020,1,1,7419,0.05
-999,1,2,0,0
1975,1,2,8097,0.05
1976,1,2,10441,0.05
1977,1,2,7997,0.05
1978,1,2,6689,0.05
1979,1,2,11680,0.05
1980,1,2,14348,0.05
1981,1,2,10271,0.05
1982,1,2,8458,0.05
1983,1,2,5726,0.05
1984,1,2,8796,0.05
1985,1,2,9220,0.05
1986,1,2,17697,0.05
1987,1,2,8607,0.05
1988,1,2,9419,0.05
1989,1,2,7789,0.05
1990,1,2,4774,0.05
1991,1,2,6821,0.05
1992,1,2,4309,0.05
1993,1,2,7682,0.05
1994,1,2,6983,0.05
1995,1,2,7471,0.05
1996,1,2,6047,0.05
1997,1,2,6027,0.05
1998,1,2,5878,0.05
1999,1,2,5732,0.05
2000,1,2,4754,0.05
2001,1,2,5386,0.05
2002,1,2,5750,0.05
2003,1,2,6310,0.05
2004,1,2,4889,0.05
2005,1,2,2581,0.05
2006,1,2,2329,0.05
2007,1,2,1985,0.05
2008,1,2,2493,0.05
2009,1,2,1506,0.05
2010,1,2,2556,0.05
2011,1,2,7200,0.05
2012,1,2,6452,0.05
2013,1,2,4395,0.05
2014,1,2,3208,0.05
2015,1,2,5953,0.05
2016,1,2,1683,0.05
2017,1,2,1859,0.05
2018,1,2,1949,0.05
2019,1,2,2713,0.05
2020,1,2,2896,0.05
-999,1,3,0,0
1975,1,3,8628,0.05
1976,1,3,6635,0.05
1977,1,3,4006,0.05
1978,1,3,3309,0.05
1979,1,3,11827,0.05
1980,1,3,21479,0.05
1981,1,3,10837,0.05
1982,1,3,10546,0.05
1983,1,3,4747,0.05
1984,1,3,4280,0.05
1985,1,3,8269,0.05
1986,1,3,16378,0.05
1987,1,3,7807,0.05
1988,1,3,26842,0.05
1989,1,3,14446,0.05
1990,1,3,9562,0.05
1991,1,3,14061,0.05
1992,1,3,11271,0.05
1993,1,3,16814,0.05
1994,1,3,11956,0.05
1995,1,3,9404,0.05
1996,1,3,8387,0.05
1997,1,3,8132,0.05
1998,1,3,4691,0.05
1999,1,3,7671,0.05
2000,1,3,6004,0.05
2001,1,3,5963,0.05
2002,1,3,3805,0.05
2003,1,3,7378,0.05
2004,1,3,4677,0.05
2005,1,3,2190,0.05
2006,1,3,1993,0.05
2007,1,3,1725,0.05
2008,1,3,1606,0.05
2009,1,3,1675,0.05
2010,1,3,932,0.05
2011,1,3,2575,0.05
2012,1,3,4020,0.05
2013,1,3,2263,0.05
2014,1,3,3816,0.05
2015,1,3,3211,0.05
2016,1,3,841,0.05
2017,1,3,1488,0.05
2018,1,3,1036,0.05
2019,1,3,1073,0.05
2020,1,3,566,0.05
-999,2,4,10,0.05
1975,2,4,12336,0.05
1976,2,4,11136,0.05
1977,2,4,8704,0.05
1978,2,4,13236,0.05
1979,2,4,32828,0.05
1980,2,4,22550,0.05
1981,2,4,14692,0.05
1982,2,4,12404,0.05
1983,2,4,11174,0.05
1984,2,4,13686,0.05
1985,2,4,35283,0.05
1986,2,4,47996,0.05
1987,2,4,25580,0.05
1988,2,4,43430,0.05
1989,2,4,29438,0.05
1990,2,4,17004,0.05
1991,2,4,24028,0.05
1992,2,4,23631,0.05
1993,2,4,28854,0.05
1994,2,4,28388,0.05
1995,2,4,25455,0.05
1996,2,4,30281,0.05
1997,2,4,22605,0.05
1998,2,4,31951,0.05
1999,2,4,20969,0.05
2000,2,4,9022,0.05
2001,2,4,10028,0.05
2002,2,4,11783,0.05
2003,2,4,9778,0.05
2004,2,4,7867,0.05
2005,2,4,6760,0.05
2006,2,4,6476,0.05
2007,2,4,5287,0.05
2008,2,4,4700,0.05
2009,2,4,3537,0.05
2010,2,4,8146,0.05
2011,2,4,4164,0.05
2012,2,4,9450,0.05
2013,2,4,12783,0.05
2014,2,4,6130,0.05
2015,2,4,11727,0.05
2016,2,4,5750,0.05
2017,2,4,4653,0.05
2018,2,4,3874,0.05
2019,2,4,8363,0.05
2020,2,4,5577,0.05
-999,3,5,0,0
1994,3,5,10161,0.05
1995,3,5,22729,0.05
1996,3,5,8008,0.05
1997,3,5,8792,0.05
1998,3,5,19523,0.05
1999,3,5,8631,0.05
2000,3,5,8754,0.05
2001,3,5,15310,0.05
2002,3,5,7459,0.05
2003,3,5,8165,0.05
2004,3,5,6610,0.05
2005,3,5,3740,0.05
2006,3,5,4422,0.05
2007,3,5,4046,0.05
2008,3,5,3222,0.05
2009,3,5,3283,0.05
2010,3,5,2558,0.05
2011,3,5,6397,0.05
2012,3,5,2553,0.05
2013,3,5,1835,0.05
2014,3,5,3720,0.05
2015,3,5,1984,0.05
2016,3,5,2371,0.05
2017,3,5,1354,0.05
2018,3,5,1342,0.05
2019,3,5,3901,0.05
2020,3,5,1898,0.05
-999,4,6,0,0
1975,4,6,11118,0.05
1976,4,6,12556,0.05
1977,4,6,7610,0.05
1978,4,6,11649,0.05
1979,4,6,13987,0.05
1980,4,6,13116,0.05
1981,4,6,11920,0.05
1982,4,6,5454,0.05
1983,4,6,8885,0.05
1984,4,6,17970,0.05
1985,4,6,10389,0.05
1986,4,6,16045,0.05
1987,4,6,15928,0.05
1988,4,6,23905,0.05
1989,4,6,12006,0.05
1990,4,6,7589,0.05
1991,4,6,12350,0.05
1992,4,6,8765,0.05
1993,4,6,19565,0.05
1994,4,6,21457,0.05
1995,4,6,36711,0.05
1996,4,6,17525,0.05
1997,4,6,16723,0.05
1998,4,6,20336,0.05
1999,4,6,14550,0.05
2000,4,6,12368,0.05
2001,4,6,15026,0.05
2002,4,6,7570,0.05
2003,4,6,6822,0.05
2004,4,6,8082,0.05
2005,4,6,4804,0.05
2006,4,6,5162,0.05
2007,4,6,9319,0.05
2008,4,6,7091,0.05
2009,4,6,3490,0.05
2010,4,6,3614,0.05
2011,4,6,9390,0.05
2012,4,6,6597,0.05
2013,4,6,4895,0.05
2014,4,6,5475,0.05
2015,4,6,2470,0.05
2016,4,6,3254,0.05
2017,4,6,2277,0.05
2018,4,6,2819,0.05
2019,4,6,5729,0.05
2020,4,6,5288,0.05
-999,1,7,0,0
1975,1,7,195,0.05
1976,1,7,260,0.05
1977,1,7,58,0.05
1978,1,7,81,0.05
1979,1,7,360,0.05
1980,1,7,594,0.05
1981,1,7,171,0.05
1982,1,7,147,0.05
1983,1,7,254,0.05
1984,1,7,164,0.05
1985,1,7,234,0.05
1986,1,7,488,0.05
1987,1,7,172,0.05
1988,1,7,135,0.05
1989,1,7,139,0.05
1990,1,7,38,0.05
1991,1,7,118,0.05
1992,1,7,213,0.05
1993,1,7,81,0.05
1994,1,7,282,0.05
1995,1,7,120,0.05
1996,1,7,218,0.05
1997,1,7,151,0.05
1998,1,7,155,0.05
1999,1,7,263,0.05
2000,1,7,111,0.05
2001,1,7,94,0.05
2002,1,7,67,0.05
2003,1,7,100,0.05
2004,1,7,153,0.05
2005,1,7,67,0.05
2006,1,7,32,0.05
2007,1,7,15,0.05
2008,1,7,18,0.05
2009,1,7,13,0.05
2010,1,7,17,0.05
2011,1,7,108,0.05
2012,1,7,49,0.05
2013,1,7,31,0.05
2014,1,7,16,0.05
2015,1,7,24,0.05
2016,1,7,21,0.05
2017,1,7,5,0.05
2018,1,7,8,0.05
2019,1,7,5,0.05
2020,1,7,4,0.05
-999,2,8,0,0
1975,2,8,388,0.05
1976,2,8,970,0.05
1977,2,8,556,0.05
1978,2,8,1093,0.05
1979,2,8,1017,0.05
1980,2,8,690,0.05
1981,2,8,476,0.05
1982,2,8,479,0.05
1983,2,8,251,0.05
1984,2,8,223,0.05
1985,2,8,697,0.05
1986,2,8,453,0.05
1987,2,8,575,0.05
1988,2,8,321,0.05
1989,2,8,318,0.05
1990,2,8,173,0.05
1991,2,8,214,0.05
1992,2,8,385,0.05
1993,2,8,250,0.05
1994,2,8,356,0.05
1995,2,8,293,0.05
1996,2,8,353,0.05
1997,2,8,346,0.05
1998,2,8,466,0.05
1999,2,8,339,0.05
2000,2,8,273,0.05
2001,2,8,265,0.05
2002,2,8,338,0.05
2003,2,8,101,0.05
2004,2,8,90,0.05
2005,2,8,122,0.05
2006,2,8,68,0.05
2007,2,8,58,0.05
2008,2,8,67,0.05
2009,2,8,40,0.05
2010,2,8,280,0.05
2011,2,8,297,0.05
2012,2,8,55,0.05
2013,2,8,198,0.05
2014,2,8,75,0.05
2015,2,8,60,0.05
2016,2,8,46,0.05
2017,2,8,17,0.05
2018,2,8,21,0.05
2019,2,8,97,0.05
2020,2,8,88,0.05
-999,3,9,0,0
1975,3,9,297,0.05
1976,3,9,374,0.05
1977,3,9,124,0.05
1978,3,9,191,0.05
1979,3,9,378,0.05
1980,3,9,149,0.05
1981,3,9,418,0.05
1982,3,9,117,0.05
1983,3,9,194,0.05
1984,3,9,274,0.05
1985,3,9,122,0.05
1986,3,9,93,0.05
1987,3,9,247,0.05
1988,3,9,135,0.05
1989,3,9,98,0.05
1990,3,9,240,0.05
1991,3,9,501,0.05
1992,3,9,732,0.05
1993,3,9,153,0.05
1994,3,9,521,0.05
1995,3,9,279,0.05
1996,3,9,816,0.05
1997,3,9,320,0.05
1998,3,9,396,0.05
1999,3,9,238,0.05
2000,3,9,126,0.05
2001,3,9,244,0.05
2002,3,9,142,0.05
2003,3,9,316,0.05
2004,3,9,320,0.05
2005,3,9,101,0.05
2006,3,9,66,0.05
2007,3,9,116,0.05
2008,3,9,68,0.05
2009,3,9,63,0.05
2010,3,9,294,0.05
2011,3,9,63,0.05
2012,3,9,66,0.05
2013,3,9,49,0.05
2014,3,9,81,0.05
2015,3,9,105,0.05
2016,3,9,118,0.05
2017,3,9,69,0.05
2018,3,9,54,0.05
2019,3,9,37,0.05
2020,3,9,52,0.05
-999,4,10,0,0
1975,4,10,570,0.05
1976,4,10,1562,0.05
1977,4,10,1941,0.05
1978,4,10,3868,0.05
1979,4,10,2916,0.05
1980,4,10,395,0.05
1981,4,10,134,0.05
1982,4,10,175,0.05
1983,4,10,89,0.05
1984,4,10,153,0.05
1985,4,10,230,0.05
1986,4,10,469,0.05
1987,4,10,1103,0.05
1988,4,10,2068,0.05
1989,4,10,1662,0.05
1990,4,10,593,0.05
1991,4,10,288,0.05
1992,4,10,1604,0.05
1993,4,10,1904,0.05
1994,4,10,1046,0.05
1995,4,10,3871,0.05
1996,4,10,458,0.05
1997,4,10,169,0.05
1998,4,10,487,0.05
1999,4,10,586,0.05
2000,4,10,575,0.05
2001,4,10,362,0.05
2002,4,10,140,0.05
2003,4,10,607,0.05
2004,4,10,214,0.05
2005,4,10,455,0.05
2006,4,10,282,0.05
2007,4,10,303,0.05
2008,4,10,483,0.05
2009,4,10,85,0.05
2010,4,10,22,0.05
2011,4,10,30,0.05
2012,4,10,46,0.05
2013,4,10,80,0.05
2014,4,10,33,0.05
2015,4,10,63,0.05
2016,4,10,33,0.05
2017,4,10,28,0.05
2018,4,10,25,0.05
2019,4,10,22,0.05
2020,4,10,0,0.05
-999,4,11,0,0
1975,4,11,264,0.05
1976,4,11,347,0.05
1977,4,11,168,0.05
1978,4,11,156,0.05
1979,4,11,265,0.05
1980,4,11,164,0.05
1981,4,11,95,0.05
1982,4,11,89,0.05
1983,4,11,65,0.05
1984,4,11,172,0.05
1985,4,11,173,0.05
1986,4,11,126,0.05
1987,4,11,113,0.05
1988,4,11,42,0.05
1989,4,11,98,0.05
1990,4,11,139,0.05
1991,4,11,48,0.05
1992,4,11,137,0.05
1993,4,11,129,0.05
1994,4,11,191,0.05
1995,4,11,107,0.05
1996,4,11,271,0.05
1997,4,11,67,0.05
1998,4,11,290,0.05
1999,4,11,157,0.05
2000,4,11,104,0.05
2001,4,11,136,0.05
2002,4,11,106,0.05
2003,4,11,106,0.05
2004,4,11,83,0.05
2005,4,11,48,0.05
2006,4,11,35,0.05
2007,4,11,11,0.05
2008,4,11,150,0.05
2009,4,11,30,0.05
2010,4,11,165,0.05
2011,4,11,221,0.05
2012,4,11,28,0.05
2013,4,11,20,0.05
2014,4,11,50,0.05
2015,4,11,26,0.05
2016,4,11,28,0.05
2017,4,11,30,0.05
2018,4,11,23,0.05
2019,4,11,29,0.05
2020,4,11,29,0.05
-999,1,12,0,0
-999,2,12,0,0
-999,3,12,0,0
-999,4,12,0,0
1975,1,12,81,0.05
1975,2,12,81,0.05
1975,3,12,81,0.05
1975,4,12,81,0.05
1976,1,12,69.5,0.05
1976,2,12,69.5,0.05
1976,3,12,69.5,0.05
1976,4,12,69.5,0.05
1977,1,12,67.75,0.05
1977,2,12,67.75,0.05
1977,3,12,67.75,0.05
1977,4,12,67.75,0.05
1978,1,12,67.5,0.05
1978,2,12,67.5,0.05
1978,3,12,67.5,0.05
1978,4,12,67.5,0.05
1979,1,12,96.75,0.05
1979,2,12,96.75,0.05
1979,3,12,96.75,0.05
1979,4,12,96.75,0.05
1980,1,12,153,0.05
1980,2,12,153,0.05
1980,3,12,153,0.05
1980,4,12,153,0.05
1981,1,12,67.75,0.05
1981,2,12,67.75,0.05
1981,3,12,67.75,0.05
1981,4,12,67.75,0.05
1982,1,12,70.75,0.05
1982,2,12,70.75,0.05
1982,3,12,70.75,0.05
1982,4,12,70.75,0.05
1983,1,12,82.5,0.05
1983,2,12,82.5,0.05
1983,3,12,82.5,0.05
1983,4,12,82.5,0.05
1984,1,12,98.75,0.05
1984,2,12,98.75,0.05
1984,3,12,98.75,0.05
1984,4,12,98.75,0.05
1985,1,12,183.75,0.05
1985,2,12,183.75,0.05
1985,3,12,183.75,0.05
1985,4,12,183.75,0.05
1986,1,12,233.5,0.05
1986,2,12,233.5,0.05
1986,3,12,233.5,0.05
1986,4,12,233.5,0.05
1987,1,12,298.25,0.05
1987,2,12,298.25,0.05
1987,3,12,298.25,0.05
1987,4,12,298.25,0.05
1988,1,12,189.75,0.05
1988,2,12,189.75,0.05
1988,3,12,189.75,0.05
1988,4,12,189.75,0.05
1989,1,12,273.5,0.05
1989,2,12,273.5,0.05
1989,3,12,273.5,0.05
1989,4,12,273.5,0.05
1990,1,12,282,0.05
1990,2,12,282,0.05
1990,3,12,282,0.05
1990,4,12,282,0.05
1991,1,12,300,0.05
1991,2,12,300,0.05
1991,3,12,300,0.05
1991,4,12,300,0.05
1992,1,12,314.25,0.05
1992,2,12,314.25,0.05
1992,3,12,314.25,0.05
1992,4,12,314.25,0.05
1993,1,12,431,0.05
1993,2,12,431,0.05
1993,3,12,431,0.05
1993,4,12,431,0.05
1994,1,12,91.926,0.05
1994,2,12,91.926,0.05
1994,3,12,91.926,0.05
1994,4,12,91.926,0.05
1995,1,12,64.518,0.05
1995,2,12,64.518,0.05
1995,3,12,64.518,0.05
1995,4,12,64.518,0.05
1996,1,12,173.739,0.05
1996,2,12,173.739,0.05
1996,3,12,173.739,0.05
1996,4,12,173.739,0.05
1997,1,12,61.289,0.05
1997,2,12,61.289,0.05
1997,3,12,61.289,0.05
1997,4,12,61.289,0.05
1998,1,12,78.076,0.05
1998,2,12,78.076,0.05
1998,3,12,78.076,0.05
1998,4,12,78.076,0.05
1999,1,12,138.692,0.05
1999,2,12,138.692,0.05
1999,3,12,138.692,0.05
1999,4,12,138.692,0.05
2000,1,12,85.786,0.05
2000,2,12,85.786,0.05
2000,3,12,85.786,0.05
2000,4,12,85.786,0.05
2001,1,12,88.925,0.05
2001,2,12,88.925,0.05
2001,3,12,88.925,0.05
2001,4,12,88.925,0.05
2002,1,12,3.035,0.05
2002,2,12,3.035,0.05
2002,3,12,3.035,0.05
2002,4,12,3.035,0.05
2003,1,12,49.156,0.05
2003,2,12,49.156,0.05
2003,3,12,49.156,0.05
2003,4,12,49.156,0.05
2004,1,12,31.088,0.05
2004,2,12,31.088,0.05
2004,3,12,31.088,0.05
2004,4,12,31.088,0.05
2005,1,12,27.586,0.05
2005,2,12,27.586,0.05
2005,3,12,27.586,0.05
2005,4,12,27.586,0.05
2006,1,12,19.902,0.05
2006,2,12,19.902,0.05
2006,3,12,19.902,0.05
2006,4,12,19.902,0.05
2007,1,12,30.918,0.05
2007,2,12,30.918,0.05
2007,3,12,30.918,0.05
2007,4,12,30.918,0.05
2008,1,12,22.266,0.05
2008,2,12,22.266,0.05
2008,3,12,22.266,0.05
2008,4,12,22.266,0.05
2009,1,12,34.086,0.05
2009,2,12,34.086,0.05
2009,3,12,34.086,0.05
2009,4,12,34.086,0.05
2010,1,12,40.278,0.05
2010,2,12,40.278,0.05
2010,3,12,40.278,0.05
2010,4,12,40.278,0.05
2011,1,12,45.676,0.05
2011,2,12,45.676,0.05
2011,3,12,45.676,0.05
2011,4,12,45.676,0.05
2012,1,12,20.642,0.05
2012,2,12,20.642,0.05
2012,3,12,20.642,0.05
2012,4,12,20.642,0.05
2013,1,12,43.311,0.05
2013,2,12,43.311,0.05
2013,3,12,43.311,0.05
2013,4,12,43.311,0.05
2014,1,12,66.186,0.05
2014,2,12,66.186,0.05
2014,3,12,66.186,0.05
2014,4,12,66.186,0.05
2015,1,12,72.738,0.05
2015,2,12,72.738,0.05
2015,3,12,72.738,0.05
2015,4,12,72.738,0.05
2016,1,12,58.454,0.05
2016,2,12,58.454,0.05
2016,3,12,58.454,0.05
2016,4,12,58.454,0.05
2017,1,12,69.031,0.05
2017,2,12,69.031,0.05
2017,3,12,69.031,0.05
2017,4,12,69.031,0.05
2018,1,12,66.947,0.05
2018,2,12,66.947,0.05
2018,3,12,66.947,0.05
2018,4,12,66.947,0.05
2019,1,12,62.774,0.05
2019,2,12,62.774,0.05
2019,3,12,62.774,0.05
2019,4,12,62.774,0.05
2020,1,12,55.402,0.05
2020,2,12,55.402,0.05
2020,3,12,55.402,0.05
2020,4,12,55.402,0.05
-999,1,13,0,0
-999,4,13,0,0
1975,1,13,1058.088,0.05
1975,4,13,1481.618,0.05
1976,1,13,576.653,0.05
1976,4,13,807.475,0.05
1994,1,13,233.673,0.05
1994,4,13,327.208,0.05
1995,1,13,157.078,0.05
1995,4,13,219.952,0.05
1996,1,13,113.841,0.05
1996,4,13,159.409,0.05
1997,1,13,131.654,0.05
1997,4,13,184.352,0.05
1998,1,13,176.834,0.05
1998,4,13,247.617,0.05
1999,1,13,182.34,0.05
1999,4,13,255.326,0.05
2000,1,13,171.976,0.05
2000,4,13,240.814,0.05
2001,1,13,174.405,0.05
2001,4,13,244.215,0.05
2002,1,13,204.687,0.05
2002,4,13,286.618,0.05
2003,1,13,172.3,0.05
2003,4,13,241.267,0.05
2004,1,13,216.832,0.05
2004,4,13,303.625,0.05
2005,1,13,196.59,0.05
2005,4,13,275.281,0.05
2006,1,13,192.704,0.05
2006,4,13,269.839,0.05
2007,1,13,157.078,0.05
2007,4,13,219.952,0.05
2008,1,13,210.84,0.05
2008,4,13,295.235,0.05
2009,1,13,132.949,0.05
2009,4,13,186.166,0.05
2010,1,13,147.847,0.05
2010,4,13,207.027,0.05
2011,1,13,56.192,0.05
2011,4,13,78.684,0.05
2012,1,13,96.676,0.05
2012,4,13,135.373,0.05
2013,1,13,54.41,0.05
2013,4,13,76.19,0.05
2014,1,13,28.015,0.05
2014,4,13,39.229,0.05
2015,1,13,46.476,0.05
2015,4,13,65.079,0.05
2016,1,13,49.876,0.05
2016,4,13,69.841,0.05
2017,1,13,39.027,0.05
2017,4,13,54.648,0.05
2018,1,13,45.018,0.05
2018,4,13,63.038,0.05
2019,1,13,39.027,0.05
2019,4,13,54.648,0.05
2020,1,13,39.027,0.05
2020,4,13,54.648,0.05
-999,2,14,0,0
-999,3,14,0,0
1975,2,14,445.632,0.05
1975,3,14,3548.662,0.05
1976,2,14,242.867,0.05
1976,3,14,1934.004,0.05
1994,2,14,98.416,0.05
1994,3,14,783.704,0.05
1995,2,14,66.156,0.05
1995,3,14,526.814,0.05
1996,2,14,47.946,0.05
1996,3,14,381.804,0.05
1997,2,14,55.448,0.05
1997,3,14,441.546,0.05
1998,2,14,74.477,0.05
1998,3,14,593.073,0.05
1999,2,14,76.795,0.05
1999,3,14,611.539,0.05
2000,2,14,72.431,0.05
2000,3,14,576.78,0.05
2001,2,14,73.454,0.05
2001,3,14,584.926,0.05
2002,2,14,86.207,0.05
2002,3,14,686.487,0.05
2003,2,14,72.567,0.05
2003,3,14,577.866,0.05
2004,2,14,91.323,0.05
2004,3,14,727.22,0.05
2005,2,14,82.797,0.05
2005,3,14,659.332,0.05
2006,2,14,81.16,0.05
2006,3,14,646.297,0.05
2007,2,14,66.156,0.05
2007,3,14,526.814,0.05
2008,2,14,88.799,0.05
2008,3,14,707.125,0.05
2009,2,14,55.994,0.05
2009,3,14,445.891,0.05
2010,2,14,62.268,0.05
2010,3,14,495.857,0.05
2011,2,14,23.666,0.05
2011,3,14,188.458,0.05
2012,2,14,40.717,0.05
2012,3,14,324.235,0.05
2013,2,14,22.916,0.05
2013,3,14,182.484,0.05
2014,2,14,11.799,0.05
2014,3,14,93.958,0.05
2015,2,14,19.574,0.05
2015,3,14,155.872,0.05
2016,2,14,21.006,0.05
2016,3,14,167.277,0.05
2017,2,14,16.437,0.05
2017,3,14,130.889,0.05
2018,2,14,18.96,0.05
2018,3,14,150.984,0.05
2019,2,14,16.437,0.05
2019,3,14,130.889,0.05
2020,2,14,16.437,0.05
2020,3,14,130.889,0.05
-999,1,15,0,0
-999,2,15,0,0
-999,3,15,0,0
-999,4,15,0,0
1975,1,15,171.5,0.05
1975,2,15,171.5,0.05
1975,3,15,171.5,0.05
1975,4,15,171.5,0.05
1976,1,15,146.25,0.05
1976,2,15,146.25,0.05
1976,3,15,146.25,0.05
1976,4,15,146.25,0.05
1977,1,15,136.75,0.05
1977,2,15,136.75,0.05
1977,3,15,136.75,0.05
1977,4,15,136.75,0.05
1978,1,15,136.5,0.05
1978,2,15,136.5,0.05
1978,3,15,136.5,0.05
1978,4,15,136.5,0.05
1979,1,15,131.5,0.05
1979,2,15,131.5,0.05
1979,3,15,131.5,0.05
1979,4,15,131.5,0.05
1980,1,15,134,0.05
1980,2,15,134,0.05
1980,3,15,134,0.05
1980,4,15,134,0.05
1981,1,15,135.5,0.05
1981,2,15,135.5,0.05
1981,3,15,135.5,0.05
1981,4,15,135.5,0.05
1982,1,15,164,0.05
1982,2,15,164,0.05
1982,3,15,164,0.05
1982,4,15,164,0.05
1983,1,15,212.25,0.05
1983,2,15,212.25,0.05
1983,3,15,212.25,0.05
1983,4,15,212.25,0.05
1984,1,15,198.75,0.05
1984,2,15,198.75,0.05
1984,3,15,198.75,0.05
1984,4,15,198.75,0.05
1985,1,15,193.25,0.05
1985,2,15,193.25,0.05
1985,3,15,193.25,0.05
1985,4,15,193.25,0.05
1986,1,15,156.25,0.05
1986,2,15,156.25,0.05
1986,3,15,156.25,0.05
1986,4,15,156.25,0.05
1987,1,15,136.25,0.05
1987,2,15,136.25,0.05
1987,3,15,136.25,0.05
1987,4,15,136.25,0.05
1988,1,15,180.5,0.05
1988,2,15,180.5,0.05
1988,3,15,180.5,0.05
1988,4,15,180.5,0.05
1989,1,15,159.75,0.05
1989,2,15,159.75,0.05
1989,3,15,159.75,0.05
1989,4,15,159.75,0.05
1990,1,15,141,0.05
1990,2,15,141,0.05
1990,3,15,141,0.05
1990,4,15,141,0.05
1991,1,15,133.5,0.05
1991,2,15,133.5,0.05
1991,3,15,133.5,0.05
1991,4,15,133.5,0.05
1992,1,15,84.5,0.05
1992,2,15,84.5,0.05
1992,3,15,84.5,0.05
1992,4,15,84.5,0.05
1993,1,15,177,0.05
1993,2,15,177,0.05
1993,3,15,177,0.05
1993,4,15,177,0.05
1994,1,15,95.75,0.05
1994,2,15,95.75,0.05
1994,3,15,95.75,0.05
1994,4,15,95.75,0.05
1995,1,15,70.75,0.05
1995,2,15,70.75,0.05
1995,3,15,70.75,0.05
1995,4,15,70.75,0.05
1996,1,15,38,0.05
1996,2,15,38,0.05
1996,3,15,38,0.05
1996,4,15,38,0.05
1997,1,15,40.75,0.05
1997,2,15,40.75,0.05
1997,3,15,40.75,0.05
1997,4,15,40.75,0.05
1998,1,15,76,0.05
1998,2,15,76,0.05
1998,3,15,76,0.05
1998,4,15,76,0.05
1999,1,15,46,0.05
1999,2,15,46,0.05
1999,3,15,46,0.05
1999,4,15,46,0.05
2000,1,15,74.25,0.05
2000,2,15,74.25,0.05
2000,3,15,74.25,0.05
2000,4,15,74.25,0.05
2001,1,15,59.25,0.05
2001,2,15,59.25,0.05
2001,3,15,59.25,0.05
2001,4,15,59.25,0.05
2002,1,15,72.5,0.05
2002,2,15,72.5,0.05
2002,3,15,72.5,0.05
2002,4,15,72.5,0.05
2003,1,15,50.75,0.05
2003,2,15,50.75,0.05
2003,3,15,50.75,0.05
2003,4,15,50.75,0.05
2004,1,15,22.5,0.05
2004,2,15,22.5,0.05
2004,3,15,22.5,0.05
2004,4,15,22.5,0.05
2005,1,15,24.5,0.05
2005,2,15,24.5,0.05
2005,3,15,24.5,0.05
2005,4,15,24.5,0.05
2006,1,15,23.75,0.05
2006,2,15,23.75,0.05
2006,3,15,23.75,0.05
2006,4,15,23.75,0.05
2007,1,15,19.75,0.05
2007,2,15,19.75,0.05
2007,3,15,19.75,0.05
2007,4,15,19.75,0.05
2008,1,15,24.25,0.05
2008,2,15,24.25,0.05
2008,3,15,24.25,0.05
2008,4,15,24.25,0.05
2009,1,15,22.5,0.05
2009,2,15,22.5,0.05
2009,3,15,22.5,0.05
2009,4,15,22.5,0.05
2010,1,15,20.5,0.05
2010,2,15,20.5,0.05
2010,3,15,20.5,0.05
2010,4,15,20.5,0.05
2011,1,15,22,0.05
2011,2,15,22,0.05
2011,3,15,22,0.05
2011,4,15,22,0.05
2012,1,15,29.75,0.05
2012,2,15,29.75,0.05
2012,3,15,29.75,0.05
2012,4,15,29.75,0.05
2013,1,15,23,0.05
2013,2,15,23,0.05
2013,3,15,23,0.05
2013,4,15,23,0.05
2014,1,15,14.25,0.05
2014,2,15,14.25,0.05
2014,3,15,14.25,0.05
2014,4,15,14.25,0.05
2015,1,15,25.25,0.05
2015,2,15,25.25,0.05
2015,3,15,25.25,0.05
2015,4,15,25.25,0.05
2016,1,15,24.5,0.05
2016,2,15,24.5,0.05
2016,3,15,24.5,0.05
2016,4,15,24.5,0.05
2017,1,15,19.75,0.05
2017,2,15,19.75,0.05
2017,3,15,19.75,0.05
2017,4,15,19.75,0.05
2018,1,15,29,0.05
2018,2,15,29,0.05
2018,3,15,29,0.05
2018,4,15,29,0.05
2019,1,15,32.25,0.05
2019,2,15,32.25,0.05
2019,3,15,32.25,0.05
2019,4,15,32.25,0.05
2020,1,15,32.25,0.05
2020,2,15,32.25,0.05
2020,3,15,32.25,0.05
2020,4,15,32.25,0.05
-999,1,16,0,0
-999,2,16,0,0
-999,3,16,0,0
-999,4,16,0,0
1975,1,16,0,0.05
1975,2,16,0,0.05
1975,3,16,0,0.05
1975,4,16,0,0.05
1976,1,16,0,0.05
1976,2,16,0,0.05
1976,3,16,0,0.05
1976,4,16,0,0.05
1977,1,16,0,0.05
1977,2,16,0,0.05
1977,3,16,0,0.05
1977,4,16,0,0.05
1978,1,16,0,0.05
1978,2,16,0,0.05
1978,3,16,0,0.05
1978,4,16,0,0.05
1979,1,16,0,0.05
1979,2,16,0,0.05
1979,3,16,0,0.05
1979,4,16,0,0.05
1980,1,16,0,0.05
1980,2,16,0,0.05
1980,3,16,0,0.05
1980,4,16,0,0.05
1981,1,16,0,0.05
1981,2,16,0,0.05
1981,3,16,0,0.05
1981,4,16,0,0.05
1982,1,16,0,0.05
1982,2,16,0,0.05
1982,3,16,0,0.05
1982,4,16,0,0.05
1983,1,16,0,0.05
1983,2,16,0,0.05
1983,3,16,0,0.05
1983,4,16,0,0.05
1984,1,16,0,0.05
1984,2,16,0,0.05
1984,3,16,0,0.05
1984,4,16,0,0.05
1985,1,16,0,0.05
1985,2,16,0,0.05
1985,3,16,0,0.05
1985,4,16,0,0.05
1986,1,16,0,0.05
1986,2,16,0,0.05
1986,3,16,0,0.05
1986,4,16,0,0.05
1987,1,16,35.64,0.05
1987,2,16,85.84,0.05
1987,3,16,15.17,0.05
1987,4,16,140.03,0.05
1988,1,16,130.27,0.05
1988,2,16,177.15,0.05
1988,3,16,8.53,0.05
1988,4,16,166.62,0.05
1989,1,16,174.73,0.05
1989,2,16,257.26,0.05
1989,3,16,17.48,0.05
1989,4,16,137.37,0.05
1990,1,16,114.52,0.05
1990,2,16,205.75,0.05
1990,3,16,35.38,0.05
1990,4,16,128.04,0.05
1991,1,16,103.13,0.05
1991,2,16,239.63,0.05
1991,3,16,61.87,0.05
1991,4,16,145.23,0.05
1992,1,16,134.29,0.05
1992,2,16,181.45,0.05
1992,3,16,69.77,0.05
1992,4,16,159.91,0.05
1993,1,16,104.66,0.05
1993,2,16,202.79,0.05
1993,3,16,55.31,0.05
1993,4,16,169.76,0.05
1994,1,16,108.55,0.05
1994,2,16,142.44,0.05
1994,3,16,32.39,0.05
1994,4,16,79.91,0.05
1995,1,16,105.31,0.05
1995,2,16,201.13,0.05
1995,3,16,96.49,0.05
1995,4,16,335.31,0.05
1996,1,16,156.35,0.05
1996,2,16,167.4,0.05
1996,3,16,63.66,0.05
1996,4,16,127.65,0.05
1997,1,16,95.81,0.05
1997,2,16,246.58,0.05
1997,3,16,32.14,0.05
1997,4,16,93.48,0.05
1998,1,16,79.29,0.05
1998,2,16,116.14,0.05
1998,3,16,64.26,0.05
1998,4,16,239.29,0.05
1999,1,16,118.54,0.05
1999,2,16,133.86,0.05
1999,3,16,69.65,0.05
1999,4,16,129.03,0.05
2000,1,16,69.81,0.05
2000,2,16,90.55,0.05
2000,3,16,21.5,0.05
2000,4,16,51.28,0.05
2001,1,16,71.89,0.05
2001,2,16,95.43,0.05
2001,3,16,31.1,0.05
2001,4,16,217.03,0.05
2002,1,16,72.47,0.05
2002,2,16,56.36,0.05
2002,3,16,13.85,0.05
2002,4,16,89.34,0.05
2003,1,16,288.2,0.05
2003,2,16,113.04,0.05
2003,3,16,55.83,0.05
2003,4,16,302.19,0.05
2004,1,16,185.2,0.05
2004,2,16,89.2,0.05
2004,3,16,47.96,0.05
2004,4,16,137.61,0.05
2005,1,16,317.68,0.05
2005,2,16,240.16,0.05
2005,3,16,68.24,0.05
2005,4,16,106.95,0.05
2006,1,16,154.91,0.05
2006,2,16,163.96,0.05
2006,3,16,138.26,0.05
2006,4,16,247.35,0.05
2007,1,16,139.9,0.05
2007,2,16,109.97,0.05
2007,3,16,53.8,0.05
2007,4,16,44.62,0.05
2008,1,16,83.45,0.05
2008,2,16,211.98,0.05
2008,3,16,58.8,0.05
2008,4,16,122.5,0.05
2009,1,16,92.13,0.05
2009,2,16,114.32,0.05
2009,3,16,66.45,0.05
2009,4,16,79.21,0.05
2010,1,16,45.925,0.05
2010,2,16,45.925,0.05
2010,3,16,45.925,0.05
2010,4,16,45.925,0.05
2011,1,16,100.375,0.05
2011,2,16,100.375,0.05
2011,3,16,100.375,0.05
2011,4,16,100.375,0.05
2012,1,16,77.55,0.05
2012,2,16,77.55,0.05
2012,3,16,77.55,0.05
2012,4,16,77.55,0.05
2013,1,16,109.725,0.05
2013,2,16,109.725,0.05
2013,3,16,109.725,0.05
2013,4,16,109.725,0.05
2014,1,16,117.15,0.05
2014,2,16,117.15,0.05
2014,3,16,117.15,0.05
2014,4,16,117.15,0.05
2015,1,16,134.75,0.05
2015,2,16,134.75,0.05
2015,3,16,134.75,0.05
2015,4,16,134.75,0.05
2016,1,16,106.15,0.05
2016,2,16,106.15,0.05
2016,3,16,106.15,0.05
2016,4,16,106.15,0.05
2017,1,16,113.025,0.05
2017,2,16,113.025,0.05
2017,3,16,113.025,0.05
2017,4,16,113.025,0.05
2018,1,16,113.025,0.05
2018,2,16,113.025,0.05
2018,3,16,113.025,0.05
2018,4,16,113.025,0.05
2019,1,16,113.025,0.05
2019,2,16,113.025,0.05
2019,3,16,113.025,0.05
2019,4,16,113.025,0.05
2020,1,16,113.025,0.05
2020,2,16,113.025,0.05
2020,3,16,113.025,0.05
2020,4,16,113.025,0.05
-999,1,17,0,0
-999,2,17,0,0
-999,3,17,0,0
-999,4,17,0,0
1975,1,17,0,0.05
1975,2,17,0,0.05
1975,3,17,0,0.05
1975,4,17,0,0.05
1976,1,17,0,0.05
1976,2,17,0,0.05
1976,3,17,0,0.05
1976,4,17,0,0.05
1977,1,17,0,0.05
1977,2,17,0,0.05
1977,3,17,0,0.05
1977,4,17,0,0.05
1978,1,17,0,0.05
1978,2,17,0,0.05
1978,3,17,0,0.05
1978,4,17,0,0.05
1979,1,17,0,0.05
1979,2,17,0,0.05
1979,3,17,0,0.05
1979,4,17,0,0.05
1980,1,17,0,0.05
1980,2,17,0,0.05
1980,3,17,0,0.05
1980,4,17,0,0.05
1981,1,17,0,0.05
1981,2,17,0,0.05
1981,3,17,0,0.05
1981,4,17,0,0.05
1982,1,17,0,0.05
1982,2,17,0,0.05
1982,3,17,0,0.05
1982,4,17,0,0.05
1983,1,17,0,0.05
1983,2,17,0,0.05
1983,3,17,0,0.05
1983,4,17,0,0.05
1984,1,17,0,0.05
1984,2,17,0,0.05
1984,3,17,0,0.05
1984,4,17,0,0.05
1985,1,17,0,0.05
1985,2,17,0,0.05
1985,3,17,0,0.05
1985,4,17,0,0.05
1986,1,17,0,0.05
1986,2,17,0,0.05
1986,3,17,0,0.05
1986,4,17,0,0.05
1987,1,17,7.75,0.05
1987,2,17,7.75,0.05
1987,3,17,7.75,0.05
1987,4,17,7.75,0.05
1988,1,17,13.75,0.05
1988,2,17,13.75,0.05
1988,3,17,13.75,0.05
1988,4,17,13.75,0.05
1989,1,17,6,0.05
1989,2,17,6,0.05
1989,3,17,6,0.05
1989,4,17,6,0.05
1990,1,17,6.75,0.05
1990,2,17,6.75,0.05
1990,3,17,6.75,0.05
1990,4,17,6.75,0.05
1991,1,17,10,0.05
1991,2,17,10,0.05
1991,3,17,10,0.05
1991,4,17,10,0.05
1992,1,17,9.75,0.05
1992,2,17,9.75,0.05
1992,3,17,9.75,0.05
1992,4,17,9.75,0.05
1993,1,17,17.25,0.05
1993,2,17,17.25,0.05
1993,3,17,17.25,0.05
1993,4,17,17.25,0.05
1994,1,17,8.5,0.05
1994,2,17,8.5,0.05
1994,3,17,8.5,0.05
1994,4,17,8.5,0.05
1995,1,17,13,0.05
1995,2,17,13,0.05
1995,3,17,13,0.05
1995,4,17,13,0.05
1996,1,17,13.75,0.05
1996,2,17,13.75,0.05
1996,3,17,13.75,0.05
1996,4,17,13.75,0.05
1997,1,17,9.75,0.05
1997,2,17,9.75,0.05
1997,3,17,9.75,0.05
1997,4,17,9.75,0.05
1998,1,17,6.5,0.05
1998,2,17,6.5,0.05
1998,3,17,6.5,0.05
1998,4,17,6.5,0.05
1999,1,17,7.25,0.05
1999,2,17,7.25,0.05
1999,3,17,7.25,0.05
1999,4,17,7.25,0.05
2000,1,17,3.75,0.05
2000,2,17,3.75,0.05
2000,3,17,3.75,0.05
2000,4,17,3.75,0.05
2001,1,17,11,0.05
2001,2,17,11,0.05
2001,3,17,11,0.05
2001,4,17,11,0.05
2002,1,17,7.5,0.05
2002,2,17,7.5,0.05
2002,3,17,7.5,0.05
2002,4,17,7.5,0.05
2003,1,17,7.5,0.05
2003,2,17,7.5,0.05
2003,3,17,7.5,0.05
2003,4,17,7.5,0.05
2004,1,17,8.75,0.05
2004,2,17,8.75,0.05
2004,3,17,8.75,0.05
2004,4,17,8.75,0.05
2005,1,17,5,0.05
2005,2,17,5,0.05
2005,3,17,5,0.05
2005,4,17,5,0.05
2006,1,17,5.25,0.05
2006,2,17,5.25,0.05
2006,3,17,5.25,0.05
2006,4,17,5.25,0.05
2007,1,17,3.25,0.05
2007,2,17,3.25,0.05
2007,3,17,3.25,0.05
2007,4,17,3.25,0.05
2008,1,17,3.5,0.05
2008,2,17,3.5,0.05
2008,3,17,3.5,0.05
2008,4,17,3.5,0.05
2009,1,17,2.5,0.05
2009,2,17,2.5,0.05
2009,3,17,2.5,0.05
2009,4,17,2.5,0.05
2010,1,17,4.75,0.05
2010,2,17,4.75,0.05
2010,3,17,4.75,0.05
2010,4,17,4.75,0.05
2011,1,17,4,0.05
2011,2,17,4,0.05
2011,3,17,4,0.05
2011,4,17,4,0.05
2012,1,17,2.75,0.05
2012,2,17,2.75,0.05
2012,3,17,2.75,0.05
2012,4,17,2.75,0.05
2013,1,17,2,0.05
2013,2,17,2,0.05
2013,3,17,2,0.05
2013,4,17,2,0.05
2014,1,17,3,0.05
2014,2,17,3,0.05
2014,3,17,3,0.05
2014,4,17,3,0.05
2015,1,17,2.75,0.05
2015,2,17,2.75,0.05
2015,3,17,2.75,0.05
2015,4,17,2.75,0.05
2016,1,17,3,0.05
2016,2,17,3,0.05
2016,3,17,3,0.05
2016,4,17,3,0.05
2017,1,17,1.5,0.05
2017,2,17,1.5,0.05
2017,3,17,1.5,0.05
2017,4,17,1.5,0.05
2018,1,17,1.5,0.05
2018,2,17,1.5,0.05
2018,3,17,1.5,0.05
2018,4,17,1.5,0.05
2019,1,17,1.5,0.05
2019,2,17,1.5,0.05
2019,3,17,1.5,0.05
2019,4,17,1.5,0.05
2020,1,17,1.5,0.05
2020,2,17,1.5,0.05
2020,3,17,1.5,0.05
2020,4,17,1.5,0.05
-999,1,18,0,0
-999,2,18,0,0
-999,3,18,0,0
-999,4,18,0,0
1975,1,18,16,0.05
1975,2,18,16,0.05
1975,3,18,16,0.05
1975,4,18,16,0.05
1976,1,18,8,0.05
1976,2,18,8,0.05
1976,3,18,8,0.05
1976,4,18,8,0.05
1977,1,18,4.25,0.05
1977,2,18,4.25,0.05
1977,3,18,4.25,0.05
1977,4,18,4.25,0.05
1978,1,18,0,0.05
1978,2,18,0,0.05
1978,3,18,0,0.05
1978,4,18,0,0.05
1979,1,18,6.5,0.05
1979,2,18,6.5,0.05
1979,3,18,6.5,0.05
1979,4,18,6.5,0.05
1980,1,18,15.25,0.05
1980,2,18,15.25,0.05
1980,3,18,15.25,0.05
1980,4,18,15.25,0.05
1981,1,18,4,0.05
1981,2,18,4,0.05
1981,3,18,4,0.05
1981,4,18,4,0.05
1982,1,18,1.75,0.05
1982,2,18,1.75,0.05
1982,3,18,1.75,0.05
1982,4,18,1.75,0.05
1983,1,18,0,0.05
1983,2,18,0,0.05
1983,3,18,0,0.05
1983,4,18,0,0.05
1984,1,18,0,0.05
1984,2,18,0,0.05
1984,3,18,0,0.05
1984,4,18,0,0.05
1985,1,18,0,0.05
1985,2,18,0,0.05
1985,3,18,0,0.05
1985,4,18,0,0.05
1986,1,18,0,0.05
1986,2,18,0,0.05
1986,3,18,0,0.05
1986,4,18,0,0.05
1987,1,18,7.75,0.05
1987,2,18,7.75,0.05
1987,3,18,7.75,0.05
1987,4,18,7.75,0.05
1988,1,18,1.75,0.05
1988,2,18,1.75,0.05
1988,3,18,1.75,0.05
1988,4,18,1.75,0.05
1989,1,18,1.5,0.05
1989,2,18,1.5,0.05
1989,3,18,1.5,0.05
1989,4,18,1.5,0.05
1990,1,18,0.5,0.05
1990,2,18,0.5,0.05
1990,3,18,0.5,0.05
1990,4,18,0.5,0.05
1991,1,18,9,0.05
1991,2,18,9,0.05
1991,3,18,9,0.05
1991,4,18,9,0.05
1992,1,18,0.25,0.05
1992,2,18,0.25,0.05
1992,3,18,0.25,0.05
1992,4,18,0.25,0.05
1993,1,18,1.25,0.05
1993,2,18,1.25,0.05
1993,3,18,1.25,0.05
1993,4,18,1.25,0.05
1994,1,18,0.25,0.05
1994,2,18,0.25,0.05
1994,3,18,0.25,0.05
1994,4,18,0.25,0.05
1995,1,18,6.75,0.05
1995,2,18,6.75,0.05
1995,3,18,6.75,0.05
1995,4,18,6.75,0.05
1996,1,18,6.5,0.05
1996,2,18,6.5,0.05
1996,3,18,6.5,0.05
1996,4,18,6.5,0.05
1997,1,18,14.75,0.05
1997,2,18,14.75,0.05
1997,3,18,14.75,0.05
1997,4,18,14.75,0.05
1998,1,18,22.5,0.05
1998,2,18,22.5,0.05
1998,3,18,22.5,0.05
1998,4,18,22.5,0.05
1999,1,18,16.5,0.05
1999,2,18,16.5,0.05
1999,3,18,16.5,0.05
1999,4,18,16.5,0.05
2000,1,18,22.5,0.05
2000,2,18,22.5,0.05
2000,3,18,22.5,0.05
2000,4,18,22.5,0.05
2001,1,18,5.25,0.05
2001,2,18,5.25,0.05
2001,3,18,5.25,0.05
2001,4,18,5.25,0.05
2002,1,18,12.75,0.05
2002,2,18,12.75,0.05
2002,3,18,12.75,0.05
2002,4,18,12.75,0.05
2003,1,18,43,0.05
2003,2,18,43,0.05
2003,3,18,43,0.05
2003,4,18,43,0.05
2004,1,18,57,0.05
2004,2,18,57,0.05
2004,3,18,57,0.05
2004,4,18,57,0.05
2005,1,18,44,0.05
2005,2,18,44,0.05
2005,3,18,44,0.05
2005,4,18,44,0.05
2006,1,18,33.5,0.05
2006,2,18,33.5,0.05
2006,3,18,33.5,0.05
2006,4,18,33.5,0.05
2007,1,18,22.25,0.05
2007,2,18,22.25,0.05
2007,3,18,22.25,0.05
2007,4,18,22.25,0.05
2008,1,18,18,0.05
2008,2,18,18,0.05
2008,3,18,18,0.05
2008,4,18,18,0.05
2009,1,18,7.5,0.05
2009,2,18,7.5,0.05
2009,3,18,7.5,0.05
2009,4,18,7.5,0.05
2010,1,18,8,0.05
2010,2,18,8,0.05
2010,3,18,8,0.05
2010,4,18,8,0.05
2011,1,18,13.25,0.05
2011,2,18,13.25,0.05
2011,3,18,13.25,0.05
2011,4,18,13.25,0.05
2012,1,18,18.25,0.05
2012,2,18,18.25,0.05
2012,3,18,18.25,0.05
2012,4,18,18.25,0.05
2013,1,18,16.75,0.05
2013,2,18,16.75,0.05
2013,3,18,16.75,0.05
2013,4,18,16.75,0.05
2014,1,18,4.2,0.05
2014,2,18,4.2,0.05
2014,3,18,4.2,0.05
2014,4,18,4.2,0.05
2015,1,18,8.33,0.05
2015,2,18,8.33,0.05
2015,3,18,8.33,0.05
2015,4,18,8.33,0.05
2016,1,18,14.5,0.05
2016,2,18,14.5,0.05
2016,3,18,14.5,0.05
2016,4,18,14.5,0.05
2017,1,18,18,0.05
2017,2,18,18,0.05
2017,3,18,18,0.05
2017,4,18,18,0.05
2018,1,18,13.5,0.05
2018,2,18,13.5,0.05
2018,3,18,13.5,0.05
2018,4,18,13.5,0.05
2019,1,18,9.75,0.05
2019,2,18,9.75,0.05
2019,3,18,9.75,0.05
2019,4,18,9.75,0.05
2020,1,18,7.88,0.05
2020,2,18,7.88,0.05
2020,3,18,7.88,0.05
2020,4,18,7.88,0.05
-999,1,19,0,0
-999,2,19,0,0
-999,3,19,0,0
-999,4,19,0,0
1975,1,19,183,0.05
1975,2,19,183,0.05
1975,3,19,183,0.05
1975,4,19,183,0.05
1976,1,19,86.75,0.05
1976,2,19,86.75,0.05
1976,3,19,86.75,0.05
1976,4,19,86.75,0.05
1977,1,19,131,0.05
1977,2,19,131,0.05
1977,3,19,131,0.05
1977,4,19,131,0.05
1978,1,19,154.5,0.05
1978,2,19,154.5,0.05
1978,3,19,154.5,0.05
1978,4,19,154.5,0.05
1979,1,19,108,0.05
1979,2,19,108,0.05
1979,3,19,108,0.05
1979,4,19,108,0.05
1980,1,19,55.75,0.05
1980,2,19,55.75,0.05
1980,3,19,55.75,0.05
1980,4,19,55.75,0.05
1981,1,19,122.75,0.05
1981,2,19,122.75,0.05
1981,3,19,122.75,0.05
1981,4,19,122.75,0.05
1982,1,19,99.25,0.05
1982,2,19,99.25,0.05
1982,3,19,99.25,0.05
1982,4,19,99.25,0.05
1983,1,19,138.75,0.05
1983,2,19,138.75,0.05
1983,3,19,138.75,0.05
1983,4,19,138.75,0.05
1984,1,19,241.25,0.05
1984,2,19,241.25,0.05
1984,3,19,241.25,0.05
1984,4,19,241.25,0.05
1985,1,19,128.25,0.05
1985,2,19,128.25,0.05
1985,3,19,128.25,0.05
1985,4,19,128.25,0.05
1986,1,19,44.75,0.05
1986,2,19,44.75,0.05
1986,3,19,44.75,0.05
1986,4,19,44.75,0.05
1987,1,19,95.75,0.05
1987,2,19,95.75,0.05
1987,3,19,95.75,0.05
1987,4,19,95.75,0.05
1988,1,19,114.25,0.05
1988,2,19,114.25,0.05
1988,3,19,114.25,0.05
1988,4,19,114.25,0.05
1989,1,19,46,0.05
1989,2,19,46,0.05
1989,3,19,46,0.05
1989,4,19,46,0.05
1990,1,19,34.25,0.05
1990,2,19,34.25,0.05
1990,3,19,34.25,0.05
1990,4,19,34.25,0.05
1991,1,19,63.5,0.05
1991,2,19,63.5,0.05
1991,3,19,63.5,0.05
1991,4,19,63.5,0.05
1992,1,19,54.75,0.05
1992,2,19,54.75,0.05
1992,3,19,54.75,0.05
1992,4,19,54.75,0.05
1993,1,19,55.25,0.05
1993,2,19,55.25,0.05
1993,3,19,55.25,0.05
1993,4,19,55.25,0.05
1994,1,19,34.25,0.05
1994,2,19,34.25,0.05
1994,3,19,34.25,0.05
1994,4,19,34.25,0.05
1995,1,19,20.75,0.05
1995,2,19,20.75,0.05
1995,3,19,20.75,0.05
1995,4,19,20.75,0.05
1996,1,19,40.5,0.05
1996,2,19,40.5,0.05
1996,3,19,40.5,0.05
1996,4,19,40.5,0.05
1997,1,19,72.5,0.05
1997,2,19,72.5,0.05
1997,3,19,72.5,0.05
1997,4,19,72.5,0.05
1998,1,19,51.25,0.05
1998,2,19,51.25,0.05
1998,3,19,51.25,0.05
1998,4,19,51.25,0.05
1999,1,19,32,0.05
1999,2,19,32,0.05
1999,3,19,32,0.05
1999,4,19,32,0.05
2000,1,19,40.25,0.05
2000,2,19,40.25,0.05
2000,3,19,40.25,0.05
2000,4,19,40.25,0.05
2001,1,19,32.25,0.05
2001,2,19,32.25,0.05
2001,3,19,32.25,0.05
2001,4,19,32.25,0.05
2002,1,19,56.5,0.05
2002,2,19,56.5,0.05
2002,3,19,56.5,0.05
2002,4,19,56.5,0.05
2003,1,19,170.25,0.05
2003,2,19,170.25,0.05
2003,3,19,170.25,0.05
2003,4,19,170.25,0.05
2004,1,19,65.25,0.05
2004,2,19,65.25,0.05
2004,3,19,65.25,0.05
2004,4,19,65.25,0.05
2005,1,19,146,0.05
2005,2,19,146,0.05
2005,3,19,146,0.05
2005,4,19,146,0.05
2006,1,19,134.25,0.05
2006,2,19,134.25,0.05
2006,3,19,134.25,0.05
2006,4,19,134.25,0.05
2007,1,19,49.75,0.05
2007,2,19,49.75,0.05
2007,3,19,49.75,0.05
2007,4,19,49.75,0.05
2008,1,19,48,0.05
2008,2,19,48,0.05
2008,3,19,48,0.05
2008,4,19,48,0.05
2009,1,19,56.25,0.05
2009,2,19,56.25,0.05
2009,3,19,56.25,0.05
2009,4,19,56.25,0.05
2010,1,19,50,0.05
2010,2,19,50,0.05
2010,3,19,50,0.05
2010,4,19,50,0.05
2011,1,19,67.25,0.05
2011,2,19,67.25,0.05
2011,3,19,67.25,0.05
2011,4,19,67.25,0.05
2012,1,19,88,0.05
2012,2,19,88,0.05
2012,3,19,88,0.05
2012,4,19,88,0.05
2013,1,19,71.25,0.05
2013,2,19,71.25,0.05
2013,3,19,71.25,0.05
2013,4,19,71.25,0.05
2014,1,19,28.75,0.05
2014,2,19,28.75,0.05
2014,3,19,28.75,0.05
2014,4,19,28.75,0.05
2015,1,19,45.25,0.05
2015,2,19,45.25,0.05
2015,3,19,45.25,0.05
2015,4,19,45.25,0.05
2016,1,19,33.75,0.05
2016,2,19,33.75,0.05
2016,3,19,33.75,0.05
2016,4,19,33.75,0.05
2017,1,19,72.75,0.05
2017,2,19,72.75,0.05
2017,3,19,72.75,0.05
2017,4,19,72.75,0.05
2018,1,19,64.75,0.05
2018,2,19,64.75,0.05
2018,3,19,64.75,0.05
2018,4,19,64.75,0.05
2019,1,19,78.5,0.05
2019,2,19,78.5,0.05
2019,3,19,78.5,0.05
2019,4,19,78.5,0.05
2020,1,19,76.75,0.05
2020,2,19,76.75,0.05
2020,3,19,76.75,0.05
2020,4,19,76.75,0.05
-999,1,20,0,0
-999,2,20,0,0
-999,3,20,0,0
-999,4,20,0,0
1975,1,20,24,0.05
1975,2,20,24,0.05
1975,3,20,24,0.05
1975,4,20,24,0.05
1976,1,20,35,0.05
1976,2,20,35,0.05
1976,3,20,35,0.05
1976,4,20,35,0.05
1977,1,20,54.75,0.05
1977,2,20,54.75,0.05
1977,3,20,54.75,0.05
1977,4,20,54.75,0.05
1978,1,20,19.5,0.05
1978,2,20,19.5,0.05
1978,3,20,19.5,0.05
1978,4,20,19.5,0.05
1979,1,20,30.5,0.05
1979,2,20,30.5,0.05
1979,3,20,30.5,0.05
1979,4,20,30.5,0.05
1980,1,20,32.88,0.05
1980,2,20,32.88,0.05
1980,3,20,32.88,0.05
1980,4,20,32.88,0.05
1981,1,20,23.75,0.05
1981,2,20,23.75,0.05
1981,3,20,23.75,0.05
1981,4,20,23.75,0.05
1982,1,20,34.5,0.05
1982,2,20,34.5,0.05
1982,3,20,34.5,0.05
1982,4,20,34.5,0.05
1983,1,20,53.5,0.05
1983,2,20,53.5,0.05
1983,3,20,53.5,0.05
1983,4,20,53.5,0.05
1984,1,20,82.5,0.05
1984,2,20,82.5,0.05
1984,3,20,82.5,0.05
1984,4,20,82.5,0.05
1985,1,20,45.25,0.05
1985,2,20,45.25,0.05
1985,3,20,45.25,0.05
1985,4,20,45.25,0.05
1986,1,20,37,0.05
1986,2,20,37,0.05
1986,3,20,37,0.05
1986,4,20,37,0.05
1987,1,20,37.75,0.05
1987,2,20,37.75,0.05
1987,3,20,37.75,0.05
1987,4,20,37.75,0.05
1988,1,20,42.25,0.05
1988,2,20,42.25,0.05
1988,3,20,42.25,0.05
1988,4,20,42.25,0.05
1989,1,20,39.25,0.05
1989,2,20,39.25,0.05
1989,3,20,39.25,0.05
1989,4,20,39.25,0.05
1990,1,20,64,0.05
1990,2,20,64,0.05
1990,3,20,64,0.05
1990,4,20,64,0.05
1991,1,20,71.5,0.05
1991,2,20,71.5,0.05
1991,3,20,71.5,0.05
1991,4,20,71.5,0.05
1992,1,20,49.25,0.05
1992,2,20,49.25,0.05
1992,3,20,49.25,0.05
1992,4,20,49.25,0.05
1993,1,20,35.5,0.05
1993,2,20,35.5,0.05
1993,3,20,35.5,0.05
1993,4,20,35.5,0.05
1994,1,20,49,0.05
1994,2,20,49,0.05
1994,3,20,49,0.05
1994,4,20,49,0.05
1995,1,20,20.5,0.05
1995,2,20,20.5,0.05
1995,3,20,20.5,0.05
1995,4,20,20.5,0.05
1996,1,20,11.75,0.05
1996,2,20,11.75,0.05
1996,3,20,11.75,0.05
1996,4,20,11.75,0.05
1997,1,20,11.75,0.05
1997,2,20,11.75,0.05
1997,3,20,11.75,0.05
1997,4,20,11.75,0.05
1998,1,20,12.5,0.05
1998,2,20,12.5,0.05
1998,3,20,12.5,0.05
1998,4,20,12.5,0.05
1999,1,20,10.5,0.05
1999,2,20,10.5,0.05
1999,3,20,10.5,0.05
1999,4,20,10.5,0.05
2000,1,20,13.75,0.05
2000,2,20,13.75,0.05
2000,3,20,13.75,0.05
2000,4,20,13.75,0.05
2001,1,20,12.75,0.05
2001,2,20,12.75,0.05
2001,3,20,12.75,0.05
2001,4,20,12.75,0.05
2002,1,20,7.25,0.05
2002,2,20,7.25,0.05
2002,3,20,7.25,0.05
2002,4,20,7.25,0.05
2003,1,20,10.75,0.05
2003,2,20,10.75,0.05
2003,3,20,10.75,0.05
2003,4,20,10.75,0.05
2004,1,20,6,0.05
2004,2,20,6,0.05
2004,3,20,6,0.05
2004,4,20,6,0.05
2005,1,20,8,0.05
2005,2,20,8,0.05
2005,3,20,8,0.05
2005,4,20,8,0.05
2006,1,20,36.75,0.05
2006,2,20,36.75,0.05
2006,3,20,36.75,0.05
2006,4,20,36.75,0.05
2007,1,20,42.5,0.05
2007,2,20,42.5,0.05
2007,3,20,42.5,0.05
2007,4,20,42.5,0.05
2008,1,20,53.25,0.05
2008,2,20,53.25,0.05
2008,3,20,53.25,0.05
2008,4,20,53.25,0.05
2009,1,20,34.5,0.05
2009,2,20,34.5,0.05
2009,3,20,34.5,0.05
2009,4,20,34.5,0.05
2010,1,20,44,0.05
2010,2,20,44,0.05
2010,3,20,44,0.05
2010,4,20,44,0.05
2011,1,20,31.75,0.05
2011,2,20,31.75,0.05
2011,3,20,31.75,0.05
2011,4,20,31.75,0.05
2012,1,20,37.5,0.05
2012,2,20,37.5,0.05
2012,3,20,37.5,0.05
2012,4,20,37.5,0.05
2013,1,20,55,0.05
2013,2,20,55,0.05
2013,3,20,55,0.05
2013,4,20,55,0.05
2014,1,20,17.45,0.05
2014,2,20,17.45,0.05
2014,3,20,17.45,0.05
2014,4,20,17.45,0.05
2015,1,20,8.23,0.05
2015,2,20,8.23,0.05
2015,3,20,8.23,0.05
2015,4,20,8.23,0.05
2016,1,20,6.08,0.05
2016,2,20,6.08,0.05
2016,3,20,6.08,0.05
2016,4,20,6.08,0.05
2017,1,20,12.08,0.05
2017,2,20,12.08,0.05
2017,3,20,12.08,0.05
2017,4,20,12.08,0.05
2018,1,20,8.21,0.05
2018,2,20,8.21,0.05
2018,3,20,8.21,0.05
2018,4,20,8.21,0.05
2019,1,20,8.47,0.05
2019,2,20,8.47,0.05
2019,3,20,8.47,0.05
2019,4,20,8.47,0.05
2020,1,20,8.35,0.05
2020,2,20,8.35,0.05
2020,3,20,8.35,0.05
2020,4,20,8.35,0.05
-999,1,21,0,0
-999,2,21,0,0
-999,3,21,0,0
-999,4,21,0,0
1975,1,21,6,0.05
1975,2,21,6,0.05
1975,3,21,6,0.05
1975,4,21,6,0.05
1976,1,21,14,0.05
1976,2,21,14,0.05
1976,3,21,14,0.05
1976,4,21,14,0.05
1977,1,21,11.25,0.05
1977,2,21,11.25,0.05
1977,3,21,11.25,0.05
1977,4,21,11.25,0.05
1978,1,21,15,0.05
1978,2,21,15,0.05
1978,3,21,15,0.05
1978,4,21,15,0.05
1979,1,21,20,0.05
1979,2,21,20,0.05
1979,3,21,20,0.05
1979,4,21,20,0.05
1980,1,21,7.5,0.05
1980,2,21,7.5,0.05
1980,3,21,7.5,0.05
1980,4,21,7.5,0.05
1981,1,21,27,0.05
1981,2,21,27,0.05
1981,3,21,27,0.05
1981,4,21,27,0.05
1982,1,21,29.25,0.05
1982,2,21,29.25,0.05
1982,3,21,29.25,0.05
1982,4,21,29.25,0.05
1983,1,21,16,0.05
1983,2,21,16,0.05
1983,3,21,16,0.05
1983,4,21,16,0.05
1984,1,21,20.75,0.05
1984,2,21,20.75,0.05
1984,3,21,20.75,0.05
1984,4,21,20.75,0.05
1985,1,21,17.25,0.05
1985,2,21,17.25,0.05
1985,3,21,17.25,0.05
1985,4,21,17.25,0.05
1986,1,21,18.5,0.05
1986,2,21,18.5,0.05
1986,3,21,18.5,0.05
1986,4,21,18.5,0.05
1987,1,21,37,0.05
1987,2,21,37,0.05
1987,3,21,37,0.05
1987,4,21,37,0.05
1988,1,21,31.75,0.05
1988,2,21,31.75,0.05
1988,3,21,31.75,0.05
1988,4,21,31.75,0.05
1989,1,21,27.25,0.05
1989,2,21,27.25,0.05
1989,3,21,27.25,0.05
1989,4,21,27.25,0.05
1990,1,21,10.75,0.05
1990,2,21,10.75,0.05
1990,3,21,10.75,0.05
1990,4,21,10.75,0.05
1991,1,21,6,0.05
1991,2,21,6,0.05
1991,3,21,6,0.05
1991,4,21,6,0.05
1992,1,21,17.5,0.05
1992,2,21,17.5,0.05
1992,3,21,17.5,0.05
1992,4,21,17.5,0.05
1993,1,21,48.5,0.05
1993,2,21,48.5,0.05
1993,3,21,48.5,0.05
1993,4,21,48.5,0.05
1994,1,21,84.75,0.05
1994,2,21,84.75,0.05
1994,3,21,84.75,0.05
1994,4,21,84.75,0.05
1995,1,21,80,0.05
1995,2,21,80,0.05
1995,3,21,80,0.05
1995,4,21,80,0.05
1996,1,21,45.75,0.05
1996,2,21,45.75,0.05
1996,3,21,45.75,0.05
1996,4,21,45.75,0.05
1997,1,21,37.5,0.05
1997,2,21,37.5,0.05
1997,3,21,37.5,0.05
1997,4,21,37.5,0.05
1998,1,21,65,0.05
1998,2,21,65,0.05
1998,3,21,65,0.05
1998,4,21,65,0.05
1999,1,21,76.5,0.05
1999,2,21,76.5,0.05
1999,3,21,76.5,0.05
1999,4,21,76.5,0.05
2000,1,21,42.5,0.05
2000,2,21,42.5,0.05
2000,3,21,42.5,0.05
2000,4,21,42.5,0.05
2001,1,21,38.75,0.05
2001,2,21,38.75,0.05
2001,3,21,38.75,0.05
2001,4,21,38.75,0.05
2002,1,21,55.75,0.05
2002,2,21,55.75,0.05
2002,3,21,55.75,0.05
2002,4,21,55.75,0.05
2003,1,21,99.75,0.05
2003,2,21,99.75,0.05
2003,3,21,99.75,0.05
2003,4,21,99.75,0.05
2004,1,21,68.25,0.05
2004,2,21,68.25,0.05
2004,3,21,68.25,0.05
2004,4,21,68.25,0.05
2005,1,21,70.5,0.05
2005,2,21,70.5,0.05
2005,3,21,70.5,0.05
2005,4,21,70.5,0.05
2006,1,21,60,0.05
2006,2,21,60,0.05
2006,3,21,60,0.05
2006,4,21,60,0.05
2007,1,21,35.25,0.05
2007,2,21,35.25,0.05
2007,3,21,35.25,0.05
2007,4,21,35.25,0.05
2008,1,21,52.75,0.05
2008,2,21,52.75,0.05
2008,3,21,52.75,0.05
2008,4,21,52.75,0.05
2009,1,21,29.75,0.05
2009,2,21,29.75,0.05
2009,3,21,29.75,0.05
2009,4,21,29.75,0.05
2010,1,21,31.75,0.05
2010,2,21,31.75,0.05
2010,3,21,31.75,0.05
2010,4,21,31.75,0.05
2011,1,21,55,0.05
2011,2,21,55,0.05
2011,3,21,55,0.05
2011,4,21,55,0.05
2012,1,21,57.25,0.05
2012,2,21,57.25,0.05
2012,3,21,57.25,0.05
2012,4,21,57.25,0.05
2013,1,21,16.75,0.05
2013,2,21,16.75,0.05
2013,3,21,16.75,0.05
2013,4,21,16.75,0.05
2014,1,21,144,0.05
2014,2,21,144,0.05
2014,3,21,144,0.05
2014,4,21,144,0.05
2015,1,21,156.25,0.05
2015,2,21,156.25,0.05
2015,3,21,156.25,0.05
2015,4,21,156.25,0.05
2016,1,21,98.5,0.05
2016,2,21,98.5,0.05
2016,3,21,98.5,0.05
2016,4,21,98.5,0.05
2017,1,21,59.75,0.05
2017,2,21,59.75,0.05
2017,3,21,59.75,0.05
2017,4,21,59.75,0.05
2018,1,21,41.25,0.05
2018,2,21,41.25,0.05
2018,3,21,41.25,0.05
2018,4,21,41.25,0.05
2019,1,21,38.75,0.05
2019,2,21,38.75,0.05
2019,3,21,38.75,0.05
2019,4,21,38.75,0.05
2020,1,21,29.75,0.05
2020,2,21,29.75,0.05
2020,3,21,29.75,0.05
2020,4,21,29.75,0.05
-999,1,22,0,0
1975,1,22,857,0.05
1976,1,22,1861,0.05
1977,1,22,1327,0.05
1978,1,22,625,0.05
1979,1,22,989,0.05
1980,1,22,891,0.05
1981,1,22,1359,0.05
1982,1,22,824,0.05
1983,1,22,874,0.05
1984,1,22,1540,0.05
1985,1,22,1673,0.05
1986,1,22,1286,0.05
1987,1,22,1357,0.05
1988,1,22,2546,0.05
1989,1,22,1406,0.05
1990,1,22,1460,0.05
1991,1,22,671,0.05
1992,1,22,769,0.05
1993,1,22,958,0.05
-999,3,23,0,0
1975,3,23,7954,0.05
1976,3,23,3261,0.05
1977,3,23,2289,0.05
1978,3,23,2838,0.05
1979,3,23,5720,0.05
1980,3,23,5943,0.05
1981,3,23,3462,0.05
1982,3,23,3240,0.05
1983,3,23,2725,0.05
1984,3,23,5502,0.05
1985,3,23,15561,0.05
1986,3,23,9714,0.05
1987,3,23,6846,0.05
1988,3,23,13879,0.05
1989,3,23,8640,0.05
1990,3,23,6174,0.05
1991,3,23,7676,0.05
1992,3,23,8629,0.05
1993,3,23,9876,0.05
-999,1,24,0,0
-999,4,24,0,0
1977,1,24,12,0.05
1977,4,24,28798,0.05
1978,1,24,1056,0.05
1978,4,24,28961,0.05
1979,1,24,588,0.05
1979,4,24,26289,0.05
1980,1,24,2742,0.05
1980,4,24,28494,0.05
1981,1,24,6324,0.05
1981,4,24,25615,0.05
1982,1,24,3905,0.05
1982,4,24,9937,0.05
1983,1,24,3682,0.05
1983,4,24,9238,0.05
1984,1,24,3330,0.05
1984,4,24,16839,0.05
1985,1,24,3084,0.05
1985,4,24,22225,0.05
1986,1,24,3857,0.05
1986,4,24,22260,0.05
1987,1,24,2420,0.05
1987,4,24,8294,0.05
1988,1,24,9907,0.05
1988,4,24,8662,0.05
1989,1,24,4449,0.05
1989,4,24,11310,0.05
1990,1,24,8288,0.05
1990,4,24,18588,0.05
1991,1,24,4854,0.05
1991,4,24,16220,0.05
1992,1,24,4422,0.05
1992,4,24,11225,0.05
1993,1,24,4160,0.05
1993,4,24,8663,0.05
-999,2,25,0,0
-999,3,25,0,0
1977,2,25,445,0.05
1977,3,25,38640,0.05
1978,2,25,705,0.05
1978,3,25,83349,0.05
1979,2,25,1520,0.05
1979,3,25,49968,0.05
1980,2,25,3915,0.05
1980,3,25,106911,0.05
1981,2,25,2537,0.05
1981,3,25,101706,0.05
1982,2,25,5399,0.05
1982,3,25,24505,0.05
1983,2,25,5935,0.05
1983,3,25,33401,0.05
1984,2,25,7398,0.05
1984,3,25,33499,0.05
1985,2,25,16236,0.05
1985,3,25,59910,0.05
1986,2,25,2428,0.05
1986,3,25,72717,0.05
1987,2,25,6691,0.05
1987,3,25,60180,0.05
1988,2,25,13384,0.05
1988,3,25,62371,0.05
1989,2,25,11802,0.05
1989,3,25,41940,0.05
1990,2,25,11198,0.05
1990,3,25,18461,0.05
1991,2,25,4459,0.05
1991,3,25,18160,0.05
1992,2,25,5787,0.05
1992,3,25,18358,0.05
1993,2,25,1918,0.05
1993,3,25,18315,0.05
-9999,0,0,0,0
