,Year,SpawnBio,SpawnBio.1,SpawnBio.2,SpawnBio.3,SpawnBio.4,SpawnBio.5,SpawnBio.6,SpawnBio.7,SpawnBio.8,SpawnBio.9,SpawnBio.10,SpawnBio.11,SpawnBio.12,SpawnBio.13,SpawnBio.14,SpawnBio.15,SpawnBio.16,SpawnBio.17,SpawnBio.18,SpawnBio.19,SpawnBio.20,SpawnBio.21,SpawnBio.22,SpawnBio.23,SpawnBio.24,SpawnBio.25,SpawnBio.26,SpawnBio.27,SpawnBio.28,SpawnBio.29,SpawnBio.30,SpawnBio.31,SpawnBio.32,SpawnBio.33,SpawnBio.34,SpawnBio.35,SpawnBio.36,SpawnBio.37,SpawnBio.38,SpawnBio.39,SpawnBio.40,SpawnBio.41,SpawnBio.42,SpawnBio.43,SpawnBio.44,SpawnBio.45,SpawnBio.46,SpawnBio.47,SpawnBio.48,SpawnBio.49,SpawnBio.50,SpawnBio.51,SpawnBio.52,SpawnBio.53,SpawnBio.54,SpawnBio.55,SpawnBio.56,SpawnBio.57,SpawnBio.58,SpawnBio.59,SpawnBio.60,SpawnBio.61,SpawnBio.62,SpawnBio.63,SpawnBio.64,SpawnBio.65,SpawnBio.66,SpawnBio.67,SpawnBio.68,SpawnBio.69,SpawnBio.70,SpawnBio.71,SpawnBio.72,SpawnBio.73,SpawnBio.74,SpawnBio.75,SpawnBio.76,SpawnBio.77,SpawnBio.78,SpawnBio.79,SpawnBio.80,SpawnBio.81,SpawnBio.82,SpawnBio.83,SpawnBio.84,SpawnBio.85,SpawnBio.86,SpawnBio.87,SpawnBio.88,SpawnBio.89,SpawnBio.90,SpawnBio.91,SpawnBio.92,SpawnBio.93,SpawnBio.94,SpawnBio.95,SpawnBio.96,SpawnBio.97,SpawnBio.98,SpawnBio.99,,
1,1975,21212.6,20103.2,19039.4,22854.5,21685,21479.8,19504.9,19574.7,20564,20398.5,19890.9,19189.6,18515.4,20455.5,20164.9,23329.3,22678.8,19840.3,20207.3,19733.2,21923.6,18768.5,19755.8,20222.5,20955.7,20057.4,21268,19294.4,21485.6,21684.4,20386.8,22026.9,21475.4,20554.4,21885.1,20148.8,21983.5,22415.2,19529.8,20195.9,20716.4,20879.6,22570.3,21558.3,22380,19973.1,20337.1,22692.9,20099.2,21035.6,22863.6,20524.9,20590.7,20810.6,20057.3,21103.8,18757.5,20160.5,20906.1,18232.8,19260.3,20862.5,21989.9,20541.8,19984.4,21731.2,21003.3,20178.2,22207,20327.3,20320.2,21159.3,20696.9,19818.7,19470.5,19985.6,19785,20255.1,21902.2,20597.4,19765.4,19960.2,20345.1,19109.4,20034,20624.7,20171,20919.5,18992.5,20336.6,19589.8,22066.8,21018.8,20008,20148.9,19389.6,20169.2,20172.3,19552.4,18806.3,20559.471,1067.844241
2,1976,2015.73,2056.64,2975.6,1511.15,1783.74,1988.31,3259.99,2898.12,10992.2,1850.34,1784.87,2313.46,1938.5,4236.84,6711.4,1526.24,2441.33,7576,2296.67,3889.43,3608.74,8025.66,3987.44,2318.4,2234.9,4605.24,2899.93,2414.74,2268.65,3699.84,1975.45,1704.43,638.957,4168.93,1504.26,3029.78,1546.08,2483.11,3249.67,1351.03,5401.12,1839.48,2343.79,1961.25,1418.73,3640.03,2260.99,6471.92,2675.51,3318.7,1444.57,1859.8,3146.91,3253.29,3460.08,2688.07,4074.58,3074.28,1388.87,1791.26,2989.58,2987.3,2076.04,2787.45,3868.38,2911.06,2633.94,1986.3,3351.61,5975.78,2691.46,4181.28,4762.31,3959.06,3373.22,1919.27,2061.15,5916.04,3870.89,2006.74,4908.04,2147.61,5921.29,5544.5,5978,1692.35,4717.26,4220.32,1948.93,3115.62,4744.93,3442.38,1899.31,2808.07,2164.28,3068.9,2439.1,2647.36,3344.87,4343.14,3186.80147,1641.072072
3,1977,4255.38,3980.9,5031.51,2979.05,3889.02,4065.81,5388.79,5255.95,11914.7,3689.56,3555.81,4350.45,3544.89,6376.43,9021.99,3900.12,5174.66,9549.44,4519.25,5839.88,5955.21,9155.23,6218.71,4500.8,4122.31,6956.66,4996.08,4594.96,4285,6312.65,3947.64,3561.31,1649.42,6625.46,3510.84,5096.12,3655.27,5482.85,5354.84,2996.34,7681.34,4098.45,4782.71,4133.83,3758.19,6010.81,4323.61,8725.83,4786.12,6073.91,3264.53,3671.76,5998.84,5417.04,5577.94,4904.91,6171.57,5705.3,2902.01,3270.28,5096.24,4940.73,4752.95,4903.62,6001.54,5494.39,5011.33,3824.31,5533.69,7958.17,4869.6,6629.97,7094.89,6312.13,5256.1,3803.1,3710.84,7553.96,6987.81,4170.79,7302.04,4201.39,8696.5,7214.04,7896.25,3736.37,7072.24,6880.13,3672.65,5309.3,6956.09,6102.51,3718.04,4770.35,3904.61,5454.07,4428.45,4903.89,5495.84,6098.73,5302.3992,1674.952133
4,1978,5372.88,3125.4,5033.5,3730.96,4418.87,3521.93,5521.18,4578.91,9910.17,3561.58,2981.15,5391.27,3286.58,5461.69,9053.77,3374.34,4557.31,9393.93,4542.16,4420.65,4543.94,8158.24,5926.98,4046.92,3426.8,5943.84,4144.55,5161.67,4075.1,5648.61,3666.02,3509.59,3051.1,6597.04,4453.08,4491.88,3549.07,4916.87,4209.75,4087.81,6231.89,4805.07,4301.06,3848.41,3741.5,5744.8,4082.52,6552.14,4079.35,7042.39,3663.87,3365.29,6161.69,4539.03,4552.72,3835.34,5386.49,6213.93,3371.79,2932.79,5215.19,3555.36,5412.38,4283.41,5041.44,5045.76,4411.5,2983.25,4650.5,6099.33,4544.75,6905.49,5986.71,6602.48,4786.37,4515.1,2541.51,6278.87,5754.24,4359.87,7554.83,4698.62,9152.02,5772.72,6369.32,4055,6579.42,6174.34,3517.33,4619.09,7154.99,6156.06,2727.49,3778.27,2854.24,5382.54,3891.56,4883.58,4667.56,4942.83,4932.0448,1488.166933
5,1979,4460.37,1832.91,4296,3160.82,2909.64,3025.88,4351.94,2881.31,6781.66,2942.63,2037.2,5126.86,3374.8,4177.63,7182.56,2323.02,2432.9,7612.52,3109.69,3337.36,2949.02,7107.58,4521.47,2622.49,3976.76,4036.41,4562.11,4206.77,4109.19,4335.87,3111.8,3980.7,1905.34,6449.95,3057.39,4052.03,2740.36,3137.86,2373.02,2675.78,3212.31,3053.78,3419.88,3695.41,2379.82,4391.18,4284.6,3744.75,2869.89,5299.76,3755.88,2791.46,4101.87,3963.25,3780.89,2455.34,3668.76,4023.64,3418.4,2939.5,5793.23,3223.87,3316.79,3887.07,4125.72,3857.32,2719.8,2323.46,4344.92,4175.63,3219.94,5300.27,4439.34,4839.08,4458.25,4073.29,2649.91,6516.28,2621.02,3117.4,6739.27,4130.39,6444.42,4485.42,4815.13,2496.84,4919,4110.53,2725.57,3382.59,6487.5,4972.27,2840.91,3698.91,3331.88,3424.63,3470.84,3617.13,2868.82,3941.46,3864.2607,1234.167021
6,1980,3892.44,2829.76,3859.61,2584.68,3270.38,3767.29,3618.98,4510.92,6200.93,2726.49,2559.46,4402.46,4467.77,3642.83,6385.39,2105.97,3068.53,6403.28,3426.92,4030.58,2973.54,6808.7,4187.88,2759.65,3974.85,5002.69,5504.07,5318.86,3500.89,4577.08,3678.79,4021.97,2231.65,5950.05,3086.71,4101.43,3051.62,4722.82,3425.96,1962.05,3380.01,3975.73,3442.05,3027.14,2801.74,4148.22,4791.96,3049.86,3483.56,4762.83,3599.09,2814.72,4465.28,4274.42,4760.96,2748.79,4558.79,3472.95,2780.1,2748.48,5211.09,3354.67,3579.45,4007.51,4483.39,4792.01,3122.63,3180.46,4116.57,5108.53,3458.25,4370.89,4417.48,4171.01,3603.59,3547.39,2509.11,6356.52,2977.73,4089.82,6326.33,3938.35,4450.85,4083.93,5807.33,3493.05,4960.05,4418.88,2599.36,3672.44,6546.51,4732.22,3142.93,4924.1,4002.07,3592.7,3255.16,3834.69,3034.64,4188.56,3971.4486,1057.439776
7,1981,3149.69,2194.59,3353.5,2551.48,3403.02,3070.42,3255.1,4230.64,5114.19,1920.73,2444.42,3298.99,3079.43,3292.71,4840,2863.55,3313.44,4942.3,3423.13,3002.63,3163.41,5688.44,4543.74,2438.08,2536.88,4513.08,5150.82,5000.93,2621.78,4056.18,3069.97,3434.26,2294.22,4300.07,2778.15,3472.46,1760.99,3672.63,2615.88,2221.74,3237.22,3336,2662.73,1849.95,2343.62,2975.44,3182.06,2241.08,3467.55,3756.24,3078.85,2503.38,3902.29,3171.29,3839.3,2136.81,3695.84,3136.9,2240.15,3135.71,3316.15,2357.53,3754.37,3518.04,3361.96,3564.79,2176.41,2319.55,3147.39,5017.29,3282.8,3962.48,3665.85,4489.73,2856.12,2381.75,1911.99,4162.31,2382.79,3213.17,5120.31,3484.93,3269.7,3136.64,4025.64,3166.32,4183.9,4019.27,1921,2902.04,6957.89,3721.72,2555.48,3376.9,3269.55,3324.29,3188.39,3407.3,2893.31,3315.01,3320.5214,907.145354
8,1982,3411.91,931.483,2214.39,2722.89,2507.99,3007.18,2702.21,2637.31,4568.11,1235.58,1742.95,2199.28,2222.01,2996.03,3035.35,3089.9,2204.78,4634.95,2639.66,2286.79,2530.96,4670.73,3457.77,1383.93,1359.61,3136.97,3710.72,3053.31,1763.65,3020.65,2261.24,2488.67,1061.61,3773.66,1515.51,2593.73,1707.14,2029.56,1866.25,1929.22,2041.7,1680.41,1476.98,2139.23,2114.76,2096.96,1508.53,2233.47,2201.83,2893.38,1847.19,1712.9,3998.1,2592.69,2887.08,1943.49,2210.87,2633.24,1425.46,2060.62,2011.08,2489.01,3505.14,2482.16,2303.55,2413.18,1068.54,2019.16,2110.68,3630.02,3311.05,2930.51,2391.61,3734.5,1583.54,1729.61,1692.07,3941.47,2638.37,1732.22,2886.4,2605.78,3444.93,2483.06,2343.6,2495.91,3052.67,2785.36,1159.38,3009.37,5574.19,3390.37,1576.12,1883.18,2113.83,2289.28,2551.14,3110.44,1633.05,2673.85,2487.83913,845.5714009
9,1983,4817.53,2158.16,2892.69,3049.37,2843.81,3555.37,2977.19,3061.28,5350.34,2166.66,2147.23,3031.54,3419.81,4581.7,4189.8,2866.4,2749.62,6802.47,2853.21,3674.37,2697.45,4953.71,4157.84,2112.7,2008.93,3573.58,3592.89,3304.27,2716.69,3988.16,3076.71,2952.68,2244.31,4035.36,2490.05,4023.66,1968.6,3142.82,2645.05,2273.97,2613.41,2041.04,2073.33,2670.98,2645.2,2697.79,2792.36,3035.68,2723.19,3865.31,2193.42,2390.2,4642.55,3075.97,3622.95,2239.38,3171.23,3822,2099.89,2609.34,3609.09,3235.89,3952,3412.49,3529.82,3844.28,2002.14,2499.64,2748.1,4012.58,4508.29,4797.55,3611.08,3687.11,2377.14,3014.56,2589.15,5154.03,3134.67,2815.87,3070.9,3005.73,4593.41,3991.98,3972.59,2951.81,4509.45,2876.37,2074.38,4679.85,5932.13,5011.3,2050.35,2484.51,2457.01,3937.07,3105.24,4494.56,2426.29,2837.11,3271.7072,956.2633243
10,1984,5217.14,2913.87,5755.87,2831.7,3051.38,3841.25,4588.91,4536.02,5414.46,3497.31,2461.68,4628.44,4388.49,4769.43,5340.26,2562.15,3778.49,7299.82,3853.32,3683.12,2676.79,5631.42,4482.47,2958.11,2919.25,4267.5,3513.5,4665.31,3250.43,5227.96,3937.31,3448.19,3189.94,4444.86,4367.27,5056.38,2114.06,4134.43,3779.99,3263.32,4154.69,2776.61,3801.36,2987.5,3817.63,4068.01,4594.81,4387.21,3920.52,3707.11,3172.1,2808.81,5127.35,3130.14,4572.59,2602.83,4527.07,4925.28,2441.59,3700.69,4280.65,3487.09,4154.64,5323.47,5211.68,4678.75,2686.34,2967.58,3348.27,4200.03,4894.46,5639.73,5234.16,4298.08,4708.42,3995.43,2829.94,6007.29,3455.37,4090.78,4048.1,4457.59,7207.96,5698.55,6003.53,3530.85,5490.1,3930.98,3523.91,5825.14,6956.47,5747.78,2765.73,2543.42,3378.37,4458.98,3878.82,5445.76,3101.41,3440.55,4138.9166,1093.034192
11,1985,4785,3285.89,4632.66,2220.18,4235.51,3522.29,5643.19,4005.57,4558.03,3126.9,3094.67,4459.21,4941.37,4078.01,5522.85,2458.92,3850.91,5283.98,3861.16,2377.68,3278.7,4708.5,2583.08,2613.52,3072.72,4676.02,3892.85,5055.85,3059.81,4058.57,3103.21,2780.24,2506.15,5354.71,3375.92,3991.27,2883.52,2975.75,3417.09,2941.57,4873.12,3463,3401.84,2319,3153.07,4590.68,4475.38,4567,3672.67,3127.51,2496.68,1980.46,4276.91,3458.66,5278.65,2430.38,3215.36,4200.43,1557.16,3071.19,2990.62,3877.56,3503.78,5455.53,4353.2,4466.58,3887.98,3075.3,3555.82,3273.6,3503.64,4653.98,4942.85,6245.89,4188.83,3362.77,2718.19,4804.71,2655.04,4402.05,3888.24,4690.77,8016.04,5842.33,4432.84,3291.56,4496.11,4564.23,2652.8,4978.13,6582.23,4172.98,2177.93,2675.66,3457.56,3356.1,3607.08,4343.09,2978.89,4084.38,3840.8905,1079.836936
12,1986,5254.02,2382.83,3150.04,2914.53,3301.37,2399.37,3640.22,3017.87,4094.26,1911.1,2431.69,3230.61,3280.24,4080.44,3763.79,1942.54,3131.15,3992.39,3895.9,2431.22,3370.15,3686.35,1801.26,2060.29,1918.86,3355.7,3337.33,3482.54,3084.2,2688.08,2402.22,2380.37,2193.69,4589.04,2320.2,3056.9,1598.85,2702.97,2614.61,2367.2,3925.22,2933.17,1980.32,2691.12,2617.83,3862,2969.75,4126.79,3519.84,2642.28,2463.96,1554.79,3831.64,3204.26,3166.73,1685.92,2332.66,3311.57,1688.47,2053.35,2684.77,3425.27,3469.86,3990.03,3906.77,3528.29,2956.48,1908.28,3513.22,3370.06,2420.93,3579.83,3461.27,5725.8,2893.27,1987.87,1973.4,3521.4,2015.99,3771.25,3257.98,2945.87,5536.82,4692.14,3044.39,3241.01,4490.17,3405.45,2170.41,4048.2,3981.7,3183.12,2176.57,2971.74,2650.64,2557.2,2163.19,3580.53,1993.66,4260.1,3062.7299,862.6671263
13,1987,5075.99,1907.78,3629.18,4157.88,2180.63,2933.89,3244.54,3058.8,4468.25,1949.42,1816.3,3857.52,3253.71,4120.12,2806.39,3329.09,2966.54,5246.08,3618.64,3450.69,2829.89,3554.52,2798.02,3159.89,2380.58,3755.69,2821.35,2587.06,2307.49,3136.34,2821.11,3152.09,1962.23,5326.56,2923.2,3221.28,1574.63,3304.15,2747.42,3268.27,3982.26,4222.62,2109.45,2585.84,3248.78,4129.14,2403.74,3228.84,3131.19,2831.84,2789.52,1951.44,4788.65,3367.4,2778.68,1488.41,3714.87,3898.21,1848.82,3332.6,3308.25,3329.53,3852.54,4008.01,4312.64,3073.94,2082.67,1950.92,3631.71,5295.97,2824.12,3473.39,3194.08,5295.88,2732.23,2469.03,1654.23,5451.35,2618.51,3968.83,4188.25,2333.08,4157.86,4463.09,3725.58,4012.5,4834.07,4215.12,3019.87,4942.06,3808.3,3268.58,3125.44,3271.38,2607.87,2410.48,2324.77,3179.79,2299.29,3611.6,3268.6232,916.9215818
14,1988,3693.44,1791.77,2849.69,2571.87,1734.27,1626.1,4022.51,1897.18,3558.53,1617.3,1569.36,2860.43,4019.12,3697.82,2423.98,2841.24,1930.98,5484.12,2502.6,2628.51,1827.6,2393.98,2153.6,1757.45,2403.9,3526.35,3342.88,2225.29,2114.58,3425.45,2279.55,3080.09,1933.76,5711.12,2689.28,3246.14,1293.05,2208.63,1990.63,2006.78,3457.36,2890.66,1922.77,2088.53,2450.11,3371.54,2488.06,2253.68,1850.9,3032.3,3197.14,1328.61,3054.9,2140.53,4072.85,1997.08,3259.25,2904.64,1522.67,1976.09,2665.7,2928.9,3006.3,2765.76,2999.82,2589.05,1729.21,2121.54,2877.82,3755.9,2578.02,2635.18,3529.16,4082.2,2335.15,3390.09,1714.04,4965.68,2586.04,2372.05,4154.12,2627.68,3669.5,4194.78,3361.84,3536.15,2906.11,4346.49,2410.59,4492.74,5169.88,3338.56,2743.25,3642.7,3127.52,2080.39,3088.62,2297.38,1506.83,2724.99,2812.3833,910.0971993
15,1989,3012.57,1611.24,2668.92,2633.54,2805.84,1852.11,3624.08,2033.57,4363.28,2020.63,1789.68,2270.57,2931.74,3485.11,3666.47,1969.05,2153.25,4837.94,3511.28,2479.98,1711.83,3020.92,3202.18,1585.21,2201.54,2868.14,4148.27,2968.6,2890.26,2857.99,2195.57,2278.76,1836.06,5458.79,2829.07,3079.53,1452.32,3593.84,2634.55,1874.59,2513.33,2147.82,2644.27,2423.76,2112.03,2996.68,3310.21,3137.19,2200.81,2724.36,2472.87,2131.74,2955.64,2632.45,4012.17,1454.51,3802.03,4135.4,1530.63,1970.61,2898.11,2542.36,2660.26,2385.78,3687.18,3530.43,2287.23,2255.74,3248.99,3377.42,2091.32,3090.77,3159.12,3553.15,3061.09,2417.08,1428.47,4557.94,2116.12,2203.48,3893.82,3149.67,4052.84,4280.15,3981.49,2896.82,2845.9,3748.88,2410.23,3945.92,3932.74,3709.34,1818.48,3425.28,2284.09,3606.94,2602.21,3109.64,1718.5,3294.62,2849.7698,826.761612
16,1990,2770.41,1396.76,3468.73,2690.4,2637.78,2277.32,2985.92,2405.15,5925.01,2070.44,1808.65,2117.16,2606.45,3392.83,3764.31,1448.69,2556.91,4798.47,4120.78,2286.51,1822.84,3592.96,3761.48,1800.11,2353.01,3557.95,3694.2,3143.43,2571.33,3565.98,2766.38,2069.87,1434.99,5304.22,2830.54,2635.62,1860.66,4275.72,4004.38,2372.58,2709.43,3230.47,2297.65,2042.94,2308.93,2924.19,3138.16,2913.87,2170.16,3686.03,2258.52,2167.28,4554.38,3375.22,3807.64,2094.81,2949.54,4461.57,1511.55,1393.8,2827.43,2718.02,2250.39,2999.2,3612.19,3117.87,2391.75,1805.55,3132.82,3849.08,3121.7,3086.99,2673.57,4255.51,3143.12,1856.85,1902.67,4805.85,2846.14,2275.23,4642.09,2496.8,3723.3,4848.99,3545.02,2781.65,2606.92,3995.42,2310.91,3786.99,3337.38,2870.51,1746.56,2866.53,2044.24,3933.72,2477.5,2958.66,1854.14,3005.95,2934.4828,920.7194217
17,1991,3177.14,1770.6,3377.29,3474.31,2611.73,2906.6,3611.98,2517.38,6256,2032.64,1775.87,2768.17,3069.15,3836.58,3679.33,1524.23,2343.78,4449.92,3285.34,2976.53,2587.35,5080.13,4102.43,1991.7,1827.48,3341.26,2581.03,2809.16,2332.67,3461.64,3122.45,2173.16,2001.16,5162.5,2431.05,2959.18,1700.94,4224.8,3822.57,2414.71,3307.16,3468.82,2262.01,2010.6,2789.76,2623.91,2834.1,2782.66,3158.34,3989.24,2387.22,2200.75,4512.14,3117.46,3376.02,2319.52,2402.05,3882.63,1828.92,2162.86,3321.27,2608.08,2563.81,3341.83,3321.49,3104.3,2046.74,1985.43,2879.95,3575.57,3684.62,3822.92,2582.16,5904.7,3348.35,2658.14,1867.73,4907.71,2386.93,2422.92,4539.49,2388.28,3752.13,5851.61,2838.88,2426.96,2795.15,3325.55,2845.02,3382.46,4818.78,2305.56,2361.91,3034.02,2245.19,3184.51,2904.99,2483.48,1645.77,3305.69,3037.5819,950.9043411
18,1992,3494.46,2116.02,3209.97,4160.4,3132.58,2975.04,4828.09,2702,5081.76,2581.48,2467.23,3383.87,4435.77,4128.43,4093.4,2253.09,2165.26,4462.9,2724.69,3014.11,2214.19,5416.37,3875.85,3201.92,1817.4,2985.68,2828.91,3925.97,2466.55,3690.06,3785.69,2548.33,2603.46,4874.95,2591.7,2757.51,2546.83,3955.29,3773.62,3017.45,3208.69,3375.29,2699.93,2839.02,3245.59,3028.41,3431.23,3466.84,3767.82,4306.94,2766.95,2636.67,4255.98,3068,3473.04,2410.06,2922.18,3816.83,2872.48,3454.03,3570.87,2573.15,3207.56,3457.09,3414.17,3850.72,3413.67,2904.19,2977.04,3601.65,3709.68,3643.36,3338.52,5638.76,3121.79,3147.43,2779.99,4674.58,2563.3,3597.22,4534.74,3421.36,4525.01,5489.21,3273.86,2178.32,4025.59,3031.89,2997.61,3431.97,4956.36,2986.06,3086.09,3689.73,2484.98,3660.24,2822.73,3204.8,3017.79,5240.68,3385.7802,802.458622
19,1993,2631.36,2950.67,3872.18,3033.07,2561.32,2601.73,4502.49,2445.85,3242.04,2105.09,2335.71,3309.14,3615.41,2980.77,3784.6,1801.82,2140.26,3497.16,2895.76,2702.07,1987.26,5444.12,3571.75,2924.53,2095.37,3312.41,2778.84,3210.72,2547.24,2783.91,3068.27,2408.56,2856.87,3683.14,2075.66,2794.52,2031.79,2802.21,3416.13,2956.14,2772.01,3176.93,2703.87,2595.03,2539.3,2308.1,3378.1,3616.67,2701.75,3456.68,2142.64,2434.98,3191.42,2697.6,3259.73,2678.19,3281.18,3172.73,2564.58,3337.28,3113.03,2520.98,2826.02,2616.53,2555.28,3086.94,3081.44,2470.07,2332.91,2834.28,2526.88,3396.86,2948.23,3900.06,2403.96,2855.22,2373.31,3920.81,2021.08,2846.2,3817.09,2494.22,3726.43,3995.98,3447.93,2455.52,3100.5,2805.38,2895.55,3253.95,3801.16,2742.87,2549.86,3242.19,2193.33,3209.76,2593.25,3119.18,3908.5,4738.74,2964.8819,616.5537949
20,1994,2321.92,2072.89,3464.24,2131.19,2275.89,2289.46,3642.63,2264.3,2431.13,2245.51,2541.3,3155.35,3041.67,2518.48,2787.29,1888.57,1995.34,2800.87,2845.12,2388.77,1950.03,4588.92,2810.72,2522.8,2505.96,2869.88,2475.31,2915.31,2156.62,2476.68,2161.71,2126.29,2797.35,2741.42,1847.25,2540.19,2154.46,2353.86,3060.68,2435.24,2300.57,2899.06,2216.07,2632.59,2195.04,2543.74,2820.35,2401.17,2390.92,2451.83,1620.85,2125.62,2452.63,1931.24,2158.77,2372.36,2654.65,2512.85,2462.2,3011.81,2661.34,2521.31,2307.54,2355.62,2251.18,2617.55,2479.94,2661.3,1912.3,2126.18,2185.12,2532.63,2854.85,2538.1,2700.21,2279.85,2218.11,2881.71,2069.58,2686.78,2839.46,2208.38,2784.45,2770.89,2731.45,2510.93,2361.21,2668.88,3029.71,2535.35,3056.37,2165.91,1969.21,2687.58,2156.56,2651.79,2428.61,2546.97,3019.53,4294.91,2530.0627,444.708378
21,1995,1468.66,1440.22,2318.17,1373.38,1468.55,1446.43,2347.88,1551.59,1672.86,1734.36,1970.24,2238.25,2003.28,1567.72,1852.53,1345.54,1341.67,1905.95,1952.53,1956.89,1337.54,3865.3,1936.74,1785.16,1953.17,1842.74,1796.58,2315.63,1625.17,1725.44,1450.88,1589.62,1855.75,1837.88,1293.21,1900.67,1658.58,1637.6,2529.5,1622.86,1450.61,1774.79,1565.77,1742.69,1344.31,1900.86,1960.59,1338.2,1750.46,1684.71,1114.32,1550.5,1577.37,1383.17,1590.74,1653.28,1817.32,1790.09,1684.11,2278.64,2032.71,1733.09,1490.98,1665.56,1582.01,1735.72,1651.64,1937.16,1291.57,1656.84,1722.86,1620.67,1972.78,1840.46,2023.11,1543.25,1833.9,1934.73,1527.09,1699.22,2054.41,1720.65,1976.65,1639.56,1738.56,1480.78,1898.43,2012.36,2317.62,1731.2,2126.86,1458.92,1514.67,2037.97,1569.39,1708.69,1654,1855.69,1803.5,3591.37,1778.5588,385.2915335
22,1996,1271.5,1063.91,1463.91,909.256,876.682,1176.6,1491.9,1065.23,1351.44,1196.27,1525.94,1680.17,1605.12,1075.95,1276.89,931.778,1016.06,1142.42,1143.49,1384.91,987.463,3173.15,1316.88,1191.69,1208.95,1222.87,1223.65,1575.08,1268.43,1092.33,985.669,1100.16,1057.53,1269.94,993.412,1138.15,1038.81,990.067,1674.17,1001.8,1200.3,1235.25,1038.15,874.138,881.223,1299.09,1197.32,865.089,1159.48,1131.6,892.508,1235.43,1099.35,1085.64,1026.75,1180.55,1230.12,1191.98,1252.22,1469.1,1317.87,1303.33,1078.17,1079.46,1157.31,1116.46,972.244,1132.57,970.346,1277.45,1188.8,1222.34,1335.84,1216.75,1379,1171.4,1439.56,1566.36,942.273,1148.71,1218.03,1083.93,1369.24,1210.8,1307.64,989.753,1388.91,1394.99,1343.92,1093.57,1450.25,1003.04,1154.76,1442.02,1348.67,1191.01,1204.61,1242.73,1146.45,2494.3,1227.99781,296.779815
23,1997,1161.66,1086.03,1336.59,934.603,947.365,1046.24,1510.5,1114.56,1402.86,1172.29,1484.15,1770.27,1763.5,1245.72,1155.15,970.033,973.531,968.69,1144.25,1426.43,1015.07,3218.45,1166.53,1152.76,1327.79,1383.89,1027.95,1424.38,1209.42,835.223,1080.32,1194.4,1048.69,1333.13,1103.81,1346.46,1073.32,1170.1,1472.33,1101.17,1164.52,1248.49,1038.59,910.384,1148.22,1146.58,1256.97,871.044,1287.24,1080.13,1023.89,1247.04,1154.51,1200.62,1116.79,1006.9,1270.21,1090.31,1257.27,1321.67,1255.85,1292.7,1202.93,1095.75,1336,979.868,1083.5,1220.29,1141.69,1090.47,1420.14,1233.98,1147.94,1193.42,1458.44,1279.92,1480.64,1537.47,879.918,1226.47,1202.59,1117.61,1334.12,1289.92,1189.1,1173.58,1441.46,1452.12,1391.44,1085.33,1527.01,867.744,1138.46,1239.9,1122.39,1426,1267.33,1266.32,1096.71,2791.27,1241.18783,311.6000601
24,1998,1018.29,984.774,1069.85,743.906,957.069,953.001,1500.23,1105.01,1228.88,1109.44,1208.61,1509.81,1414.08,1278.28,999.115,743.027,916.945,841.029,1164.86,1226.6,1047.58,2768.25,1078.77,1090.81,1119.54,1158.41,1061.95,1285.73,798.753,653.813,804.302,986.358,985.776,1008.18,1023.34,1192.78,1074.55,1163.09,1280.3,1068.3,851.02,1150.6,1023.79,905.838,850.59,1130.3,954.826,774.772,1140.68,962.197,958.801,1030.66,1128.01,1161.32,866.759,899.887,1164.14,1044.69,1147.74,1155.93,963.595,1215.97,893.474,1079.98,1086.47,818.79,1153.55,1047.28,896.053,943.622,1253.42,1105.4,1000.18,1270.36,1405.36,1205.48,1265.87,1418.62,985.008,963.481,943.533,987.388,1027.85,1196.99,1121.27,1078.23,1296.26,1106.59,1005.1,1069.3,1170.98,701.199,1034.87,1028.55,930.714,1258.21,1204.69,1096.54,1093.61,2686.16,1099.35935,285.8558603
25,1999,1026.16,1173.85,1207.4,713.446,1042.95,887.187,1482.77,1181.42,1079.97,1081.38,1234.7,1560.83,1574.06,1313.71,1046.42,875.3,916.068,1088.8,1044.34,1132.03,1057.01,2513.8,1088.12,1220.44,994.093,1059.24,917.92,1231.99,808.775,868.202,913.948,1040.68,967.769,991.881,898.193,1055.21,981.143,1152.49,1271.17,1018.18,966.502,1160.37,993.81,1076.17,969.889,1135.3,877.419,721.975,1120.73,846.044,883.721,1161.7,1159.91,1399.78,983.489,971.105,1210.53,1007.5,1211.36,1241.79,1081.3,1020.52,952.466,1114.69,1152.51,929.923,1188.23,1267.01,830.551,1046.87,1218.72,1109.32,1097.78,1406.06,1383.19,1252.67,1277.04,1210.08,1033.66,1149,935.962,1028.06,1110.33,1222.66,1329.64,1090.15,1259.94,1081.58,1160.5,1182,1142.72,860.254,1169.41,949.427,998.329,1245.76,1219.11,1096.68,1606.05,2439.12,1126.61411,257.4889989
26,2000,1145.79,1255.5,1514.81,849.251,1009.59,1027.76,1454.45,1241.27,1135.91,1131.32,1248.25,1722.82,1669.56,1455.6,1228.9,825.316,983.673,1112.54,995.848,1349.83,1054.39,2743.05,1294.5,1396.2,1060.62,1199.27,906.624,1217.83,1071.91,956.981,911.6,1044.99,1175.33,1039.42,861.06,1211.64,818.379,1178.42,1357.07,1140.46,986.6,1304.49,1056.47,1161.5,1073.22,1105.07,994.385,887.249,1063.49,1135.35,907.314,1050.66,1183.53,1348.98,1249.03,1023.74,1162.35,1228.18,1225.1,1538.34,1275.95,1223.99,1205.63,1166.89,1225.82,1025.22,1098.55,1359.18,912.918,1206.53,1292.68,1147.3,1195.9,1356.24,1329.99,1251.57,1154.28,1332.29,1073.09,1251.95,1136.24,1187.5,1276.09,1307.47,1638.31,1251.22,1359.52,1111.19,1288.71,1206.78,1288.57,1040.29,1104.71,1180.06,1065.23,1269.49,1109.44,1266.49,1672.12,2541.56,1210.69738,273.21455
27,2001,1138.79,1091.91,1727.15,917.901,1023.44,1120.78,1567.74,1212.07,1215.17,1145.38,1406.98,1534.64,1571.97,1408.24,1422.54,716.255,1026.83,1180.08,932.767,1488.45,919.473,2845.14,1360.34,1290.51,1133.29,1303.64,1021.67,1124.36,1228.96,911.688,1041.63,973.349,1156.81,1333.08,936.074,1248.43,903.993,1140.93,1206.69,1104,1019.26,1309,1028,1039.59,910.475,1197,1145.47,976.673,1129.94,1295.28,1073.97,1011.57,1203.56,1327.73,1291,1052.36,1157,1306.11,1172,1326.03,1065.25,1221.9,1351.51,1123.12,1195.53,986.063,904.266,1331.34,897.985,1116.3,1204.43,1038.99,1100.06,1332.86,1285.7,1242.82,1132.29,1409.87,983.636,1264.52,1271.92,1158.02,1193.4,1235.33,1582.08,1388.05,1608.58,1029.41,1317,1226.74,1248.88,1088.27,1151.58,1295.25,1069.41,1242.43,992.959,1167.06,1616.96,2381.86,1214.58787,274.3836716
28,2002,1356.41,1343.45,2057.56,1215.93,1110.36,1454.3,1889.09,1517.14,1621.96,1345.23,1650.59,1710.85,1549.88,1454.54,1728.45,958.389,1405.47,1503.22,1351.02,1885.82,1194.97,3207.11,1620.31,1640.08,1367.73,1539.98,1451.45,1413.69,1340.82,992.896,1322.6,1114.26,1331.49,1482.48,1114.56,1423.89,1166.91,1224.43,1492.06,1349.53,1403.74,1493.04,1172.15,1178.1,1276.61,1527.48,1346.77,1173.57,1589.7,1571.23,1422.29,1508.9,1380.31,1696.45,1450.07,1362.53,1487.92,1471.46,1356.37,1656.08,1335.73,1584.93,1567.95,1451.74,1555.34,1433.36,1271.08,1354.1,1125.39,1251.66,1492.04,1422.91,1332.21,1672.72,1453.04,1547.83,1394.24,1509.91,1240.63,1599.04,1578.59,1327.32,1183.82,1401.95,1675.73,1471.12,1771.8,1334.8,1589.73,1589,1607.18,1394.39,1422.03,1500.66,1378.14,1469.09,1399.41,1373.74,1770.3,2779.45,1470.39775,289.7797834
29,2003,1504.04,1516.39,2205.47,1061.63,1117.47,1465.81,1761.1,1658.77,1501.93,1338.68,1463.39,1680.53,1757.04,1460.37,1721.43,1021.83,1426.37,1485.76,1578.4,1787.27,1183.25,3313.24,1607.73,1494.59,1203.35,1539.21,1270.2,1532.43,1290.85,1104.67,1280.79,1076.27,1404.67,1524.11,1179.07,1552.81,1199.52,1255.23,1555.95,1389.67,1453.66,1466.5,1228.62,1057.9,1379.97,1561.91,1405.86,1338.22,1632.77,1196.5,1306.6,1572.22,1506.97,1611.98,1474.76,1473.77,1544.99,1322.28,1418.68,1651.74,1505.47,1577.61,1383.98,1361.3,1440.9,1511.48,1466.38,1291.18,1077.39,1314.7,1596.78,1368.27,1411.01,1603.98,1676.05,1531.68,1353.15,1375.63,1402.17,1500.52,1538.72,1324.84,1236.11,1552.02,1601.78,1421.31,1833.17,1483.31,1470.79,1563.06,1678.82,1437.43,1569.41,1507.56,1342.04,1422.66,1616.01,1550.46,1612.01,2920.31,1485.0864,301.4128414
30,2004,2036.43,2082.23,2836.39,1410.34,1470.8,1797.21,2110.83,2222.67,1874.26,2053.24,1724.05,2090.18,2469.19,1843.55,2052.05,1552.15,1789.21,2038.52,2044.63,2282.16,1596.81,3791.72,2104.04,1923.78,1667.8,2243.55,1737.83,1950.94,1759.95,1665.26,1629.2,1548.03,1849.53,2060.78,1621.49,1995.32,1583.02,1779.1,2010.45,1917.1,2026.04,1983.75,1735.02,1459.95,1550.3,1917.81,1778.57,1883.39,1974.14,1538.71,1610.38,1964.81,1974.64,1845.31,2009.96,1945.08,2106.35,1888.84,2019.45,2109.76,1849.77,1925.9,1761.75,1965.14,2053.83,1846.04,1873.71,1800.37,1419.8,1944.57,2026.55,1841.12,1875.98,1964.26,2261.2,2181.19,1831.35,1860.92,1921.35,1874.3,2192.77,1919.92,1834.58,2195.29,1966.05,1872.06,2284.73,2003.51,2035.06,2100.4,2169.97,1792.32,2002.7,2112.5,1799.22,1939.24,1940,2020.58,2252.33,3687.17,1957.3755,341.1837048
31,2005,1925.22,1999.32,2658.74,1534.24,1380.92,1752.72,2043.49,2099.45,1895.76,2010.34,1940.88,2067.99,2458.95,2105.03,1959.28,1383.26,1599.17,1994.35,2016.31,2251.27,1552.17,3530.27,2111.15,1942.56,1701.05,2169.07,1740.8,1907.83,1774.5,1764.72,1594.41,1450.18,1782.1,1853.01,1512.05,1903.19,1388.24,1575.2,2116.09,1948.75,1927.76,1920.48,1687.28,1455.5,1429.9,1901.05,1604.24,1673.32,1973.27,1481.81,1442.07,1978.24,1593.72,1858.74,1909.67,1814.12,2046.79,1858.95,1939.03,2161.63,1976.94,1742.2,1653.9,1835.94,2085.12,1694.98,1930.63,1691.79,1299.61,1952.83,2017.46,1703.41,1909.74,1848.22,2219.45,2070.96,1853.64,1908.56,1823.5,1947.02,2245.9,1893.86,2002.74,1916.94,1996.25,1633.2,2128.52,1875.16,2128.39,2021.44,2077.57,1544.68,1782.74,1984.65,1772.15,1765.48,1795.18,2003.48,2161.33,3749.73,1896.9689,346.3659687
32,2006,1410.16,1552.66,2159.35,1221.86,984.201,1366.71,1678.03,1530.69,1613.74,1590.86,1583.32,1739.74,1959.3,1724.37,1506.75,1132.81,1250.94,1528.15,1571.15,1912.04,1268.92,3192.81,1633.61,1606.89,1281.77,1755.41,1333.43,1414.5,1384.57,1450.79,1183.96,1107.29,1389.9,1477.81,1194.91,1486.49,1036.9,1205.78,1722.36,1482.86,1481.7,1460.93,1268.6,1085.37,1113.39,1441.06,1245.66,1392.47,1505.62,1096.23,989.438,1590.51,1269.45,1498.25,1401.36,1318.06,1528.1,1447.06,1483.22,1666.35,1582.5,1461.1,1216.96,1356.1,1696.21,1221.3,1581.8,1419,1088.02,1624.94,1587.94,1313.86,1481.4,1557.8,1750.23,1600.81,1479.06,1541.53,1345.22,1573.14,1702.87,1448.6,1660.78,1430.06,1650.98,1324.78,1840.43,1463.23,1667.57,1560.74,1781.99,1113.94,1297.62,1552.06,1354.98,1423.8,1363.28,1565.93,1707.83,3261.1,1495.62109,328.9657834
33,2007,1335.04,1553.24,2089.7,1223.26,1026.31,1442.44,1716.93,1382.19,1722.56,1658.07,1585.88,1931.88,1895.3,1716.71,1534.49,1305.57,1209.03,1485.82,1545.17,1904.37,1412.74,3345.2,1627.07,1624.19,1222.48,1743.02,1327.57,1353.98,1346.85,1520.47,1277.99,1237.21,1456.8,1611.98,1342.49,1498.91,1203.45,1354.42,1767.62,1555.07,1448.47,1556.1,1240.84,1175.51,1250.47,1484.15,1414.65,1496.24,1465.18,1325.43,1053.31,1652.76,1417.15,1547.17,1384.43,1313.93,1582.48,1530.85,1564.29,1655.44,1543.64,1466.11,1304.61,1343.83,1671.94,1388.32,1616.12,1594.56,1275.51,1545.22,1651.25,1403.78,1389.15,1588.33,1601.63,1572.26,1612.73,1603.52,1247.46,1567.53,1605.65,1529.51,1560.11,1477.23,1669.67,1450.83,1952.7,1638.58,1674.82,1533.93,1841.57,1235.18,1325.51,1580.87,1387.74,1472.49,1334.52,1447.74,1801.3,3331.64,1534.9141,323.0605479
34,2008,1021.54,1227,1684.32,931.775,849.552,1204.1,1313.86,1112.31,1362.96,1304.17,1183.3,1532.2,1418.35,1203.03,1120.48,889.151,1003.17,1104.94,1232.66,1460.06,1092.55,3141.6,1223.83,1151.18,1047.56,1392.99,1092.82,1171.66,1017.25,1202.01,1088.16,957.255,1154.42,1199.68,1068.89,1174.65,926.211,1057.59,1411.33,1105.3,1152.43,1283.46,938.039,931.189,1053.55,1181.11,1213.35,1029.2,1309.02,1046.69,892.615,1340.87,1172.45,1203.45,1116.42,1018.43,1358.07,1256.77,1242.95,1335.01,1162.12,1138.37,1077.88,969.347,1316.85,1183.95,1265.5,1216.56,921.97,1117.16,1291.17,1184.74,1106.75,1225.26,1279.39,1395.32,1183.81,1381.31,986.458,1260.31,1240.03,1210.83,1296.33,1171.36,1394.03,1213.87,1457.7,1461.63,1368.32,1298.73,1483.45,982.46,1211.17,1290.24,1077.95,1145.87,1083.39,1118.38,1439.78,2939.61,1224.60292,304.9910069
35,2009,1063.65,1353.73,1586.25,1003.81,965.269,1307.79,1445.29,1225.82,1327.8,1256.48,1216.08,1409.42,1325.69,1186.06,1238.2,850.561,1076.04,1184.26,1265.45,1363.88,967.24,2926.82,1175.17,1213.79,1121,1347.73,1153.78,1363.96,1078.33,1118.26,1068.19,1077.37,1077.7,1257.29,1014.57,1294.1,975.856,977.212,1432.08,1217.9,1154.51,1308.21,981.433,935.262,1062.33,1186.12,1316.41,1012.16,1381.47,1048.88,920.476,1322.77,1322.17,1283.8,1126.16,1044.4,1397.71,1301.51,1260.71,1310.08,1110.69,1137.22,1099.04,1075.79,1347.83,1118.32,1164.45,1226.44,979.21,1016.74,1311.92,1215.94,1150.34,1276.1,1337.75,1333.26,1063.75,1509.66,1050.37,1384.06,1326.07,1236.03,1288.02,1233.39,1384.5,1254.08,1356.83,1483.96,1377.5,1308.87,1394.57,1031.03,1252.06,1218.79,1097.31,1176.94,1184.25,1167.01,1435.77,2997.36,1242.99669,287.9705431
36,2010,1037.27,1310.58,1496.27,993.427,910.864,1235.77,1330.67,1318.67,1273.88,1253.85,1253.53,1407.74,1328.5,1167.35,1351.77,850.767,1057.84,1256.34,1147.69,1370.37,1000.58,2521.09,1220.98,1190.49,1113.53,1296.84,1174.73,1295.69,1118.9,1007.89,997.646,1008.45,1135.89,1144.95,878.743,1234.36,971.428,975.886,1422.59,1224.28,1176.21,1260.39,858.815,967.988,932.591,1163.27,1224.01,1040.96,1155.49,1131.85,948.012,1326.24,1300.49,1206.37,1244.65,975.22,1347.76,1167.13,1145.25,1370.84,1186.73,1103.19,1101.64,967.042,1327.67,1091.18,1071.72,1289.21,906.905,998.94,1218.71,1114.05,1113.15,1336.49,1391.62,1305.91,1183.55,1449.96,1014.62,1320.55,1238.8,1297.01,1273.39,1242,1436.94,1199.7,1377.15,1142.63,1283.21,1210.97,1198.52,1004.65,1089.48,1121.69,1010.51,1227.43,1189.74,1077.64,1328.84,2878.92,1205.53684,260.8092032
37,2011,844.213,1127.29,1443.96,819.32,754.668,1083.5,1225.81,1083.14,1050.5,1213.44,1334.14,1315.46,1161.62,1024.27,1194.32,766.312,960.327,1093.38,1028.36,1202.24,872.627,2457.73,1060.76,1089.92,963.119,1145.3,983.754,1136.64,985.349,832.078,896.865,813.079,1044.86,1030.36,842.794,1023.74,781.747,895.336,1198.83,1066.59,934.863,1295.2,737.493,838.221,856.575,976.559,1113.05,1024.14,951.802,1063.62,816.458,1120.42,1127.24,994.75,1130.32,914.371,1101.18,935.902,958.103,1381.9,1158.52,1042.32,1020.94,897.296,1090.57,887.916,1083.23,1192.39,751.654,975.709,1090.48,983.172,1005.92,1290.19,1376.34,1130.5,1050.19,1356.17,868.87,1244.76,1186.92,1086.59,1210.08,1044.68,1254.94,1037.72,1293.32,1040.47,1209.78,1149.61,1103.16,866.36,1057.17,1024.11,911.59,1150.18,957.261,1070.17,1198.65,2710.95,1081.80763,265.9381081
38,2012,1005.38,1377.7,1592.86,935.08,1002.33,1163.04,1320.6,1258.07,1156.24,1354.65,1433.38,1449.74,1308.3,1217.89,1192.14,998.1,1056.08,1263.43,1183.45,1362.65,1005.67,3009.48,1059.15,1141.03,1069.92,1389.36,1179.79,1250.84,1105.63,1030.77,1126.98,832.954,1295.94,1128.68,1102.01,1066.74,905.893,994.926,1293.24,1166.12,1035.09,1384.51,943.6,993.098,1038.36,1130.13,1347.05,1124.62,1140.53,1268.82,981.132,1156.3,1271.44,1108.34,1163.38,1089.84,1114.51,1134.41,1008.38,1609.22,1269.7,1130.64,1207.64,1033.55,1199.72,976.914,1296.88,1266.89,882.284,1187.55,1261.85,1105.99,1118.2,1382.42,1607.81,1292.72,1105.21,1406.54,1125.51,1363.31,1255.39,1261.33,1339.86,1077.91,1299.93,1133.68,1445.21,1165.24,1311.29,1209.19,1244.87,1046.68,1296.01,1171.69,1231.95,1336.98,1080.51,1256.6,1311.24,2829.39,1223.55271,287.8811515
39,2013,1010.27,1151.34,1464.85,783.346,874.694,1027.2,1268.83,1099.12,1214.96,1080.81,1080.99,1319.46,1214.08,1108.55,1142.81,741.319,885.752,1120.3,1186.79,1279.41,858.591,2977.06,1025.3,1177.38,893.844,1260.35,998.693,1096.28,874.293,991.753,1055.64,776.171,1108.16,974.323,1000.8,975.032,809.282,939.238,1117.92,915.554,982.578,1276.94,851.737,844.737,942.419,1046.92,1139.4,929.211,1139.83,1180.43,889.917,980.603,1120.72,1073.13,988.753,1022.42,1022.71,1023.71,1001.32,1359.72,1149.48,1122.94,1026.7,880.195,991.62,868.875,1028.8,1060.42,754.913,1091.04,1088.91,1036.06,989.074,1226.57,1325.01,1223,999.146,1356.31,1014.13,1121.48,1095.43,1132.59,1182.18,986.951,1263.66,854.034,1295.64,986.347,1217.43,1083.9,1302.89,1018.06,1133.7,1107.13,1075.7,1161.3,990.851,1203.26,1238.81,2565.01,1099.47296,282.4325643
40,2014,1035.02,1135.36,1478.13,745.85,873.256,1102.74,1223.79,1029.15,1271.23,1113.08,1180.16,1306.47,1286.26,1117.13,1136.85,753.994,862.231,1104.37,1142.6,1386.4,919.071,3009.55,1080,1182.4,887.927,1250.9,1023.44,1107.85,878.743,989.329,961.075,860.379,1176.11,1046.65,995.642,1190.67,796.633,950.853,1185.15,956.594,889.284,1315.15,1030.51,892.592,984.024,1085.8,1168.11,996.975,1184.1,1176.92,832.561,948.964,1069.69,1080.04,1030.24,1037.71,1047.54,1058.05,1091.17,1246.47,1120.9,1134.95,1003.04,932.307,1057.6,859.093,994.252,1082.03,774.952,1110.6,1096.19,1085.62,1082.81,1175.28,1239.73,1333.46,1125.85,1441.64,1048.51,1107.97,1133.87,1196.87,1155.48,1149.22,1355.89,883.452,1507.33,1001.52,1309.25,1121.27,1299.91,1092.7,1145.51,1160.43,1054.86,1135.51,1045.86,1176.32,1339.24,2634.24,1126.04453,288.9411059
41,2015,1085.82,1131.3,1615.4,820.918,905.253,1202.01,1250.84,1184.59,1374.94,1230.24,1298.24,1285.23,1545.96,1211.11,1229.93,980.97,929.121,1146.83,1142.53,1619.02,997.292,3355.33,1091.1,1239.77,1013.81,1241.2,1024.07,1232.77,1045.49,1125.4,1048.71,984.299,1267.88,1245.37,1087.62,1359.6,914.708,1028.29,1378.72,1113.74,911.21,1365.56,1053.1,980.845,1016.44,1125.95,1296.68,1186.4,1322.6,1223.11,955.093,1108.74,1132.69,1164.89,1192.15,1100.6,1259.2,1111.2,1153.48,1239.35,1235.39,1086.99,1015.57,1183.8,1159.77,923.579,1014.62,1215.01,901.599,1316.16,1241.66,1022.51,1242.61,1198.41,1382.97,1462.45,1308.83,1541.94,1040.89,1255.53,1217.73,1267.81,1254.74,1317.1,1416.19,1048.2,1733.39,1106.13,1383.67,1255,1353.19,1006.2,1153,1244.02,1094.74,1240.21,1213.04,1271.77,1484.47,2865.87,1225.61467,320.2762852
42,2016,1062.95,1135.41,1744.7,789.553,931.888,1183.27,1390.91,1313.52,1371.9,1226.76,1365.18,1423.77,1616.86,1175.07,1140.35,984.251,985.796,1208.07,1079.94,1759.6,1042.92,3713.22,1054.24,1184.26,1074.82,1333.04,1048.74,1232.83,1118.41,1207.96,1167.42,936.52,1277.84,1299.17,1000.98,1384.04,961.304,1051.25,1404.99,1089.98,1020.59,1455.84,1020.19,1045.57,943.977,1158.22,1230.01,1162.07,1304.42,1189.4,1006.88,1107.75,1152.42,1146.97,1205.1,1072.23,1207.16,1079.52,1172.62,1281.78,1247.6,1104.76,1048.83,1203.52,1246.62,1077.01,1030.38,1238.42,901.899,1397.62,1282.2,1096.43,1319.86,1214.87,1459.76,1539.17,1409.87,1546.1,1145.47,1334.68,1225.03,1275.09,1401.96,1271.98,1477.2,1216.48,1765.69,1183.03,1396.35,1342.96,1435.3,998.647,1205.11,1278.2,1051.69,1346.63,1347.59,1313.99,1566.32,3034.43,1264.15145,358.7923575
43,2017,906.418,1148.49,1558.07,754.296,908.775,1077.99,1418.95,1283.55,1493.05,1186.99,1348.42,1529.73,1648.01,1202.19,1008.4,920.961,968.714,1281.87,945.687,1720.87,1129.2,3607.81,1018.87,1038.28,981.372,1261.65,987.245,1176.31,1073.39,1053.03,1042.97,906.037,1279.55,1109.76,917.02,1148.18,956.94,989.584,1228.88,1088.61,1044.76,1439.83,832.057,1001.17,928.322,1226.35,1088.37,1073.87,1191.56,1053.92,982.229,1000.51,1128.74,1059.18,1162.67,1010.77,1209.25,1130.74,1103.17,1192.12,1143.29,1118.22,1016.32,1126.66,1276.19,998.469,1013.4,1158.44,882.786,1289.13,1164,1111.01,1223.1,1198.41,1326.9,1368.91,1278.07,1373.77,1038.71,1185.67,1284.31,1120.07,1392.79,1127.58,1365.09,1188.1,1601.61,1115.62,1320.3,1255,1456.6,994.473,1402.59,1236.07,923.077,1235.4,1296.8,1223.75,1461.45,2858.32,1203.16162,348.8348914
44,2018,1038.02,1186.76,1573.67,750.273,891.937,1031.29,1477.87,1313.41,1477.53,1328.68,1330.92,1555.1,1757.16,1262.68,1061.35,1011.43,938.005,1335.67,977.489,1777.96,1085.86,3525.24,1079.95,1006.87,1015.86,1265.65,1022.85,1192.36,1068.48,952.936,930.116,976.499,1444.11,1127.24,969.063,1073.85,940.249,993.194,1138.17,1075.24,953.867,1517.49,817.275,935.063,965.269,1262.89,1172.22,1087.52,1209.18,1020.59,1061.3,957.775,1203.09,1144.04,1181.69,1082.61,1200.37,1174.14,1163.85,1236.54,1052.13,1113.3,1053.48,1101.35,1261.5,954.137,1140.89,1117.48,913.197,1236.64,1278.39,1031.76,1282.59,1185.82,1300.47,1446.19,1172.84,1416.9,1003.66,1117,1394.62,1118.38,1516.66,1075.97,1299.43,1146.18,1746.63,1228.8,1359.74,1247.79,1346.88,997.241,1476.94,1314.66,983.695,1170.01,1202.09,1244.1,1510.69,2747.32,1216.1531,345.781442
45,2019,982.109,1176.46,1587.77,737.43,992.445,944.536,1472.1,1192.48,1399.43,1398.64,1198.18,1380.84,1622.23,1278.45,1057.6,950.58,882.172,1236.54,992.122,1602.81,960.303,3393.34,1056.73,1107.64,1122.43,1211.84,990.825,1107.45,981.926,988.288,988.116,971.863,1420.09,1091.74,917.581,1006.89,1035.52,1093.92,1139.86,888.149,871.777,1436.34,957.672,1009.89,1038.81,1120.73,1184.66,1117.93,1168.4,972.051,1149.86,911.177,1117.7,1110.03,1045.16,1033.29,987.537,1111.7,1132.95,965.795,912.717,1139.26,1050.11,1110.26,1161.85,879.842,1101.78,925.003,988.968,1144.97,1253.99,1101.36,1307.11,1136.59,1231.34,1286.04,1225.6,1545.98,929.329,1078.26,1282.64,999.769,1470.39,877.055,1050.02,1098.74,1842.85,1196.54,1318.86,1209.14,1345.13,855.683,1372.04,1208.93,910.927,1105.49,1161.67,1384.06,1511.55,2721.58,1174.36307,337.6260553
46,2020,1510.14,1709.1,2308.71,1366.65,1525.16,1494.1,2065.4,1723.05,2296.03,2015.83,1768.23,2025.33,2122.22,1763.89,1546.38,1245.67,1409.44,1479.78,1436.55,2211.73,1448.08,4213.39,1502.92,1664,1862.17,1660.78,1447.1,1522.41,1572.23,1545.77,1397.51,1770.89,2084.91,1574.23,1472.26,1479.01,1890.31,1775.01,2043.82,1426.07,1414.99,1990.5,1708.67,1552.41,1679.19,1737.44,1671.48,1944.12,1585.17,1581.59,1668.74,1404.53,1447.36,1722.71,1384.72,1624.09,1268.11,1595.26,1681.76,1310.02,1243.43,1742.56,1773.21,1673.54,1520.21,1361.8,1567.68,1472.18,1749.18,1494.54,1942.58,1783.45,2058.56,1818.58,1670.24,1640.42,2255.24,2407.7,1672.41,1468.29,1818.42,1437.01,2040.53,1475.27,1501.49,1591.98,2620.86,1747.38,1807.59,1775.48,2136.35,1265.07,1907.41,1730.4,1109.08,1597.05,1828.62,2091.27,2068.21,3453.31,1736.677,414.1656845
47,2021,2091.37,1989.51,2372.67,1762.31,1790.85,2141.75,2348.66,1928.79,2791.79,2329.16,2153.95,2481.03,2155.48,2429.1,1909,1883.18,1936.67,1748.28,1754.65,2512.34,1894.29,3598.49,1811.04,2168.13,2119.18,2027.47,1970.16,1770.18,2122.39,2009.35,1722.86,2313.26,2778.8,2045.76,2010.95,1848.54,2437.51,2526.05,2640.09,1887.34,1790.19,2497.85,2220.49,1896,2068.03,2176.66,1958.24,2531.12,1909.57,2151.26,2109.03,1920.13,1931.39,2377.85,1696.4,1986.66,1507.41,1999.8,2126.19,1572.84,1647.45,2209.15,2466.14,2083.89,1859.66,1946.36,2044.56,2057.4,2083.62,1799.54,2305.84,2109.36,2306.64,2132.54,2085.25,1950.82,2452.98,2600.15,2344.99,2084.91,2036.52,1763.03,2276.12,1737.28,1974.86,1889.02,2771.68,2201.78,1941.21,2112.61,2473.54,1817.34,2281.7,1990.88,1398.21,1700.23,2049.86,2294.13,2303.54,3381.12,2116.054,342.3330054
48,2022,2540.19,2172.91,2414.6,2151.36,2006.71,2670.55,2624.79,2142.9,3163.48,2554.28,2607.45,2755.22,2133.72,3267.08,2495.8,2603.5,2631.62,2154.65,2173.76,2905.42,2711.62,3129,2180.07,2591.17,2327.54,2407.08,2938.95,1896.64,2769.93,2654.1,2101.58,2718.77,3424.47,2697.12,2281.7,2123.68,2512.16,3586.39,2894.18,2307.27,2117.76,3223.63,2575.82,2269.67,2717.44,2352.58,2513,2958.12,2545.56,2900.53,2670.3,2845.59,2574.79,3286.84,1961.63,2276.38,1882.21,2426.76,2568.42,1812.16,2077.43,2574.88,3272.54,2657.22,2279.94,2568.81,2571.05,2676.08,2174.82,2291.36,2611.36,2624.87,2802.99,2267.71,2480.09,2392.52,2363.98,3126.03,2774.68,3261.13,2187.76,2098.47,2517.51,1803.33,2736.16,2115.32,3169.62,2717.58,2069.83,2375.93,3214.33,2489.02,2667.36,2192.1,1981.34,1927.82,2311.97,2436.21,2856.31,3751.77,2543.7183,402.9895631
49,2023,2795.61,2434.46,2560.08,2573.41,2394.39,2901.97,2771,2413.5,3221.23,2744.55,2814.18,2848.07,2315.62,3373.35,2754,2964.51,2987.7,2453.01,2493.44,3021.47,3048,2992.66,2476.58,2790.52,2627.36,2647.91,3236.65,2179.76,3043.2,2955.28,2435.69,2970.33,3481.81,2935.55,2588.57,2413.47,2736.59,3779.96,2953.94,2580.1,2441.54,3363.3,2870.63,2610.94,3068.97,2547.94,2801.4,3175.57,2820.33,3147.6,3000.49,3106.68,2831.99,3435.1,2275.4,2582.24,2202.77,2681.06,2807.6,2097.11,2362.39,2798.42,3461.47,2901.18,2557.22,2878.29,2826.7,2901.17,2524.22,2600.25,2801.22,2899.74,3027.33,2485.08,2676.93,2649.78,2534.66,3253.11,2987.08,3485.45,2430.92,2404.59,2723.85,2097.6,2972.03,2422.26,3244.17,2934.17,2317.29,2604.5,3346.83,2836.81,2898.51,2454.48,2369.28,2249.12,2579.82,2647.63,3024.47,3629.12,2783.7728,348.2372515
50,2024,2956.88,2656.05,2678.81,2905.68,2736.5,3019.98,2839.36,2620.75,3181.99,2880.41,2890.8,2882.27,2495.65,3249.6,2846,3162.01,3155.95,2643.37,2700.37,3014.17,3140.31,2953.01,2673.61,2889.79,2866.13,2791.94,3232.42,2441.21,3134.77,3072.17,2674.99,3122.02,3378.93,2992.94,2863.66,2645.92,2991.36,3637.27,2973.69,2752.31,2688.73,3284.66,3087.93,2855.69,3214.84,2720.3,2913.04,3290.97,2901.13,3170.81,3177.35,3089.03,2920.98,3311.26,2535.36,2819.66,2426.38,2822.62,2933.92,2326.5,2549.13,2937.34,3413.54,2975.74,2724.15,3034.41,2947.55,2962.39,2867.97,2771.29,2909.55,3011.74,3073.25,2674.76,2776.51,2784.61,2731.82,3185.61,3113.43,3339.9,2633.13,2628.02,2859.69,2385.43,2984.21,2678.54,3175.76,3011.98,2522.11,2769.8,3210.41,3016.17,3022.6,2664.99,2603.71,2491.36,2761.42,2815.42,3004.4,3353.8,2906.1385,251.6079001
51,2025,3069.11,2803.26,2752.63,3137.08,2967.37,3106.74,2885.46,2757.66,3162.72,2968.44,2945.58,2907.24,2608.87,3187.94,2917.21,3311.98,3281.56,2777.52,2845.51,3012.74,3217.26,2925.7,2808.91,2959.95,3020.92,2891.14,3245.9,2615.86,3204.49,3160.03,2840.96,3223.86,3327.39,3041.45,3046.8,2802.53,3151.18,3564.43,2990.25,2872.26,2858.23,3243.75,3232.61,3022.86,3317.53,2832.66,2993.06,3369.67,2964.15,3196.32,3302.24,3096.7,2992.65,3248.38,2715.17,2978.77,2586.06,2920.5,3022.76,2484.46,2682.75,3031.41,3396.9,3032.44,2840.87,3149.64,3035.86,3012.28,3088.21,2893.44,2981.76,3091.34,3106.85,2796.99,2846.42,2879.44,2851.94,3145.55,3201.16,3262.26,2765.32,2781.4,2948.54,2575.45,3004.79,2850.65,3135.49,3069.94,2655.5,2880.16,3128.27,3150.98,3105.86,2803.9,2781.16,2655.42,2880.59,2921.83,2996.08,3175.64,2992.909,204.1964344
52,2026,3142.32,2900.61,2800.13,3293.13,3122.44,3164.64,2916.4,2848.25,3154.51,3024.82,2983.79,2924.24,2681.81,3159.94,2967.58,3412.59,3367.34,2868.53,2943.72,3015.75,3273.9,2906.12,2899.46,3006.64,3121.21,2957.4,3265.27,2732.91,3253.71,3221.04,2952.23,3289.74,3302.82,3077.58,3165.47,2905.9,3249.08,3535.92,3001.59,2951.92,2971.52,3226.77,3326.09,3134.05,3389.07,2904.56,3049.1,3421.02,3010.12,3220.05,3385.94,3111.4,3043.11,3221.46,2837.26,3083.5,2695.83,2985.7,3082.19,2591.56,2772.94,3092.62,3396.09,3073.21,2919.39,3227.51,3095.79,3048.7,3230.89,2976.79,3029.17,3146.61,3133.27,2875.97,2893.51,2943.75,2926.09,3127.5,3257.94,3229.41,2852.44,2883.85,3006.7,2702.89,3025.05,2965.22,3115.46,3110.43,2743.55,2952.71,3088.9,3242.21,3160.75,2895.3,2904,2766.92,2959.27,2989.84,2997.06,3071.6,3052.8405,185.2444511
53,2027,3188.27,2964.64,2831.1,3394.59,3224.57,3200.86,2935.98,2907.27,3149.26,3060.66,3007.73,2934.7,2729.86,3142.42,2999.24,3475.16,3420.6,2927.64,3007.27,3017.56,3308.61,2893.3,2957.84,3035.81,3185.7,2999.92,3276.67,2810.89,3283.78,3258.7,3024.17,3330.71,3287.36,3099.8,3242.19,2973.07,3311.7,3518.85,3008.45,3002.69,3045.22,3216.21,3385.43,3205.62,3433.79,2951.03,3084.07,3452.73,3038.7,3234.38,3438.33,3119.67,3074.38,3204.82,2918.38,3151.23,2768.16,3026.86,3119.73,2662.54,2831.29,3131.15,3395.11,3098.41,2969.82,3276.16,3133.42,3070.99,3324.18,3030.28,3059.17,3181.38,3149.56,2927.38,2923.45,2984.84,2974.09,3116.43,3293.27,3209.52,2909.66,2950.27,3044.06,2788.16,3037.26,3040.47,3102.96,3135.71,2801.37,2999.7,3065.39,3299.02,3195.11,2954.9,2983.02,2840.53,3009.94,3033.49,2997.62,3007.13,3091.3654,178.0933302
54,2028,3216.88,3005.85,2851.01,3458.59,3289.42,3223.49,2948.28,2944.91,3145.84,3083.17,3022.61,2941.14,2760.86,3131.23,3019.11,3513.92,3453.44,2965.43,3047.65,3018.5,3329.81,2884.99,2994.79,3053.96,3226.22,3026.9,3283.13,2861.32,3302.02,3281.83,3069.67,3355.93,3277.51,3113.45,3290.57,3015.74,3350.92,3507.81,3012.63,3034.65,3092.08,3209.32,3422.49,3250.71,3461.22,2980.61,3105.64,3472.21,3056.36,3242.82,3470.78,3124.29,3093.83,3194.12,2970.91,3194.11,2814.8,3052.57,3143.3,2708.4,2868.52,3155.21,3394.02,3113.88,3001.78,3306.36,3156.96,3084.58,3382.91,3064.15,3077.97,3203.04,3159.41,2960.2,2942.35,3010.83,3004.55,3109.26,3315.16,3196.68,2946.47,2992.45,3067.75,2843.2,3044.56,3088.67,3094.93,3151.45,2838.48,3029.71,3050.54,3334.2,3216.38,2992.97,3033.01,2887.82,3041.96,3061.05,2997.68,2965.95,3115.628,175.855224
55,2029,3234.61,3032.02,2863.71,3498.27,3329.75,3237.64,2956.03,2968.63,3143.71,3097.22,3031.93,2945.15,2780.59,3124.36,3031.66,3537.88,3473.72,2989.4,3073.1,3019.09,3342.95,2879.54,3017.98,3065.27,3251.32,3043.94,3287.11,2893.37,3313.24,3296.15,3098.09,3371.41,3271.45,3121.98,3320.57,3042.49,3374.97,3501.14,3015.22,3054.65,3121.48,3205.06,3445.38,3278.79,3478.12,2999.23,3119.03,3484.18,3067.4,3248.03,3490.83,3127.19,3106.03,3187.57,3004.41,3220.9,2844.51,3068.58,3158.07,2737.62,2892.07,3170.15,3393.37,3123.51,3021.93,3325.11,3171.71,3093.02,3419.04,3085.52,3089.75,3216.6,3165.5,2980.9,2954.29,3027.23,3023.54,3104.77,3328.69,3188.75,2969.86,3018.93,3082.69,2878.02,3049.14,3119.06,3089.89,3161.33,2862,3048.72,3041.35,3355.96,3229.54,3016.98,3064.36,2917.79,3062.03,3078.26,2997.72,2939.46,3130.8226,175.4003728
56,2030,3245.53,3048.54,2871.79,3522.63,3354.59,3246.44,2960.91,2983.49,3142.4,3105.95,3037.76,2947.63,2793.09,3120.14,3039.55,3552.57,3486.18,3004.5,3089.02,3019.46,3351.08,2875.96,3032.44,3072.29,3266.78,3054.65,3289.59,2913.58,3320.12,3304.96,3115.72,3380.87,3267.72,3127.31,3339.03,3059.14,3389.62,3497.15,3016.83,3067.08,3139.78,3202.43,3459.44,3296.15,3488.5,3010.9,3127.32,3491.51,3074.29,3251.26,3503.16,3129.01,3113.65,3183.57,3025.59,3237.53,2863.28,3078.51,3167.3,2756.08,2906.86,3179.4,3392.99,3129.48,3034.56,3336.69,3180.91,3098.24,3441.08,3098.91,3097.09,3225.06,3169.28,2993.89,2961.81,3037.54,3035.32,3101.99,3337.03,3183.89,2984.65,3035.42,3092.07,2899.85,3052.01,3138.09,3086.73,3167.5,2876.81,3060.7,3035.71,3369.32,3237.66,3032.04,3083.83,2936.64,3074.54,3088.96,2997.75,2922.33,3140.2798,175.4611911
57,2031,3252.24,3058.91,2876.92,3537.5,3369.79,3251.91,2963.97,2992.76,3141.59,3111.36,3041.39,2949.17,2800.99,3117.54,3044.5,3561.53,3493.79,3013.98,3098.94,3019.69,3356.07,2873.62,3041.42,3076.64,3276.25,3061.37,3291.1,2926.25,3324.32,3310.37,3126.59,3386.63,3265.41,3130.62,3350.34,3069.46,3398.53,3494.75,3017.82,3074.79,3151.12,3200.81,3468.05,3306.82,3494.86,3018.18,3132.43,3495.99,3078.57,3253.25,3510.71,3130.13,3118.39,3181.12,3038.91,3247.81,2875.07,3084.64,3173.04,2767.68,2916.12,3185.11,3392.77,3133.18,3042.45,3343.8,3186.63,3101.47,3454.47,3107.28,3101.66,3230.31,3171.62,3002.01,2966.53,3044,3042.62,3100.26,3342.15,3180.89,2993.95,3045.65,3097.95,2913.46,3053.8,3149.94,3084.75,3171.36,2886.1,3068.23,3032.22,3377.49,3242.65,3041.44,3095.85,2948.44,3082.31,3095.6,2997.77,2911.22,3146.1391,175.611823
58,2032,3256.36,3065.42,2880.17,3546.53,3379.06,3255.29,2965.89,2998.53,3141.08,3114.72,3043.65,2950.13,2805.96,3115.93,3047.6,3566.99,3498.44,3019.92,3105.1,3019.84,3359.14,2872.08,3046.98,3079.33,3282.05,3065.57,3292.03,2934.16,3326.87,3313.68,3133.28,3390.13,3263.98,3132.67,3357.24,3075.83,3403.93,3493.29,3018.43,3079.55,3158.12,3199.8,3473.31,3313.38,3498.74,3022.72,3135.57,3498.73,3081.22,3254.47,3515.33,3130.82,3121.33,3179.61,3047.25,3254.14,2882.46,3088.43,3176.61,2774.95,2921.89,3188.62,3392.63,3135.46,3047.36,3348.17,3190.18,3103.45,3462.57,3112.49,3104.5,3233.58,3173.05,3007.08,2969.49,3048.04,3047.12,3099.17,3345.29,3179.04,2999.8,3051.98,3101.63,2921.91,3054.92,3157.3,3083.5,3173.76,2891.91,3072.96,3030.06,3382.47,3245.71,3047.3,3103.24,2955.79,3087.13,3099.71,2997.79,2903.99,3149.7586,175.7371944
59,2033,3258.88,3069.48,2882.23,3552.01,3384.69,3257.39,2967.09,3002.12,3140.77,3116.79,3045.05,2950.72,2809.09,3114.94,3049.54,3570.31,3501.26,3023.63,3108.93,3019.93,3361.03,2871.07,3050.42,3081,3285.59,3068.2,3292.6,2939.1,3328.43,3315.71,3137.38,3392.26,3263.09,3133.95,3361.45,3079.77,3407.2,3492.41,3018.81,3082.49,3162.43,3199.17,3476.52,3317.39,3501.11,3025.55,3137.51,3500.4,3082.87,3255.22,3518.15,3131.25,3123.16,3178.68,3052.47,3258.04,2887.07,3090.76,3178.82,2779.49,2925.49,3190.79,3392.54,3136.87,3050.42,3350.84,3192.38,3104.67,3467.46,3115.73,3106.27,3235.6,3173.94,3010.24,2971.34,3050.56,3049.9,3098.5,3347.21,3177.89,3003.46,3055.88,3103.93,2927.14,3055.62,3161.87,3082.71,3175.25,2895.54,3075.92,3028.72,3385.5,3247.59,3050.94,3107.78,2960.36,3090.12,3102.26,2997.79,2899.28,3151.9917,175.8201125
60,2034,3260.42,3072.03,2883.54,3555.33,3388.11,3258.68,2967.84,3004.34,3140.57,3118.07,3045.92,2951.09,2811.05,3114.32,3050.75,3572.33,3502.99,3025.94,3111.29,3019.98,3362.18,2870.41,3052.54,3082.02,3287.75,3069.84,3292.95,2942.17,3329.38,3316.95,3139.9,3393.55,3262.54,3134.74,3364.02,3082.19,3409.18,3491.87,3019.04,3084.3,3165.09,3198.79,3478.48,3319.84,3502.55,3027.3,3138.7,3501.41,3083.89,3255.68,3519.87,3131.51,3124.3,3178.11,3055.73,3260.43,2889.95,3092.2,3180.2,2782.32,2927.72,3192.12,3392.49,3137.74,3052.32,3352.48,3193.74,3105.43,3470.4,3117.74,3107.37,3236.86,3174.49,3012.21,2972.5,3052.13,3051.62,3098.07,3348.39,3177.18,3005.76,3058.29,3105.37,2930.37,3056.05,3164.69,3082.22,3176.18,2897.81,3077.77,3027.9,3387.35,3248.75,3053.2,3110.56,2963.2,3091.96,3103.83,2997.8,2896.2,3153.3672,175.8699537
61,2035,3261.36,3073.61,2884.36,3557.34,3390.18,3259.48,2968.31,3005.73,3140.45,3118.87,3046.47,2951.31,2812.29,3113.94,3051.51,3573.55,3504.04,3027.38,3112.76,3020.02,3362.89,2869.98,3053.85,3082.66,3289.06,3070.87,3293.16,2944.08,3329.96,3317.71,3141.44,3394.34,3262.2,3135.23,3365.58,3083.68,3410.38,3491.55,3019.18,3085.42,3166.72,3198.55,3479.67,3321.34,3503.43,3028.4,3139.43,3502.03,3084.52,3255.96,3520.91,3131.67,3125,3177.76,3057.76,3261.9,2891.74,3093.09,3181.05,2784.09,2929.11,3192.94,3392.46,3138.28,3053.5,3353.49,3194.59,3105.89,3472.18,3118.99,3108.05,3237.64,3174.83,3013.43,2973.23,3053.11,3052.67,3097.81,3349.11,3176.74,3007.19,3059.78,3106.26,2932.37,3056.32,3166.44,3081.91,3176.76,2899.22,3078.93,3027.38,3388.48,3249.45,3054.61,3112.27,2964.97,3093.11,3104.8,2997.8,2894.2,3154.215,175.8972012
62,2036,3261.94,3074.6,2884.88,3558.55,3391.44,3259.98,2968.61,3006.58,3140.38,3119.36,3046.81,2951.45,2813.06,3113.71,3051.99,3574.3,3504.67,3028.28,3113.66,3020.04,3363.33,2869.69,3054.66,3083.05,3289.87,3071.51,3293.3,2945.27,3330.31,3318.17,3142.39,3394.82,3261.99,3135.54,3366.53,3084.6,3411.1,3491.35,3019.27,3086.11,3167.72,3198.4,3480.39,3322.26,3503.97,3029.08,3139.88,3502.41,3084.92,3256.13,3521.55,3131.77,3125.44,3177.54,3059.02,3262.8,2892.86,3093.63,3181.58,2785.19,2929.98,3193.44,3392.44,3138.61,3054.23,3354.1,3195.11,3106.18,3473.24,3119.77,3108.47,3238.12,3175.03,3014.19,2973.68,3053.72,3053.32,3097.64,3349.55,3176.47,3008.09,3060.69,3106.82,2933.6,3056.49,3167.52,3081.71,3177.12,2900.1,3079.66,3027.07,3389.16,3249.89,3055.48,3113.31,2966.06,3093.81,3105.4,2997.8,2892.89,3154.7365,175.9115514
63,2037,3262.29,3075.22,2885.22,3559.28,3392.2,3260.29,2968.8,3007.11,3140.33,3119.66,3047.02,2951.54,2813.55,3113.56,3052.28,3574.75,3505.06,3028.85,3114.23,3020.05,3363.59,2869.5,3055.16,3083.29,3290.35,3071.91,3293.38,2946,3330.53,3318.46,3142.96,3395.11,3261.86,3135.72,3367.1,3085.16,3411.54,3491.23,3019.33,3086.54,3168.34,3198.31,3480.83,3322.82,3504.3,3029.5,3140.15,3502.64,3085.16,3256.24,3521.94,3131.83,3125.71,3177.41,3059.81,3263.36,2893.56,3093.97,3181.91,2785.88,2930.52,3193.75,3392.43,3138.81,3054.69,3354.48,3195.43,3106.35,3473.89,3120.26,3108.73,3238.42,3175.16,3014.66,2973.97,3054.11,3053.72,3097.54,3349.82,3176.3,3008.66,3061.25,3107.17,2934.36,3056.59,3168.18,3081.59,3177.34,2900.65,3080.11,3026.87,3389.57,3250.15,3056.02,3113.95,2966.74,3094.25,3105.77,2997.8,2892.03,3155.0577,175.9180896
64,2038,3262.51,3075.61,2885.43,3559.72,3392.66,3260.48,2968.91,3007.44,3140.3,3119.85,3047.15,2951.59,2813.86,3113.47,3052.47,3575.02,3505.3,3029.2,3114.57,3020.06,3363.76,2869.38,3055.47,3083.44,3290.65,3072.15,3293.43,2946.46,3330.66,3318.63,3143.32,3395.28,3261.78,3135.84,3367.45,3085.51,3411.8,3491.16,3019.36,3086.8,3168.72,3198.25,3481.1,3323.16,3504.5,3029.76,3140.32,3502.78,3085.31,3256.3,3522.18,3131.87,3125.88,3177.33,3060.31,3263.7,2893.99,3094.17,3182.11,2786.3,2930.85,3193.94,3392.42,3138.94,3054.97,3354.71,3195.63,3106.46,3474.27,3120.56,3108.9,3238.6,3175.24,3014.96,2974.15,3054.34,3053.97,3097.48,3349.99,3176.2,3009.01,3061.6,3107.39,2934.83,3056.66,3168.59,3081.51,3177.48,2901,3080.4,3026.75,3389.83,3250.31,3056.36,3114.34,2967.16,3094.52,3105.99,2997.81,2891.47,3155.2556,175.9208567
65,2039,3262.64,3075.85,2885.56,3559.99,3392.94,3260.59,2968.98,3007.64,3140.28,3119.96,3047.23,2951.63,2814.05,3113.42,3052.59,3575.19,3505.44,3029.41,3114.79,3020.06,3363.86,2869.3,3055.66,3083.53,3290.83,3072.31,3293.46,2946.75,3330.74,3318.74,3143.53,3395.39,3261.73,3135.91,3367.67,3085.72,3411.96,3491.12,3019.38,3086.96,3168.95,3198.21,3481.27,3323.37,3504.62,3029.92,3140.43,3502.87,3085.4,3256.34,3522.33,3131.9,3125.98,3177.28,3060.61,3263.91,2894.26,3094.3,3182.24,2786.57,2931.06,3194.06,3392.41,3139.02,3055.15,3354.85,3195.76,3106.53,3474.51,3120.74,3109,3238.72,3175.29,3015.14,2974.26,3054.49,3054.12,3097.44,3350.09,3176.13,3009.23,3061.81,3107.53,2935.12,3056.7,3168.85,3081.47,3177.57,2901.21,3080.57,3026.67,3389.98,3250.41,3056.56,3114.58,2967.42,3094.68,3106.14,2997.81,2891.11,3155.3774,175.9226376
66,2040,3262.72,3076,2885.64,3560.15,3393.11,3260.67,2969.03,3007.77,3140.27,3120.03,3047.28,2951.65,2814.17,3113.38,3052.66,3575.29,3505.53,3029.55,3114.92,3020.07,3363.92,2869.25,3055.77,3083.59,3290.94,3072.41,3293.47,2946.92,3330.79,3318.8,3143.67,3395.45,3261.7,3135.96,3367.8,3085.85,3412.06,3491.09,3019.39,3087.06,3169.1,3198.19,3481.37,3323.5,3504.69,3030.03,3140.49,3502.92,3085.46,3256.37,3522.41,3131.91,3126.05,3177.25,3060.8,3264.03,2894.43,3094.38,3182.32,2786.74,2931.19,3194.13,3392.41,3139.07,3055.26,3354.94,3195.84,3106.57,3474.65,3120.86,3109.06,3238.79,3175.32,3015.26,2974.33,3054.59,3054.21,3097.41,3350.15,3176.1,3009.37,3061.94,3107.61,2935.3,3056.72,3169.01,3081.44,3177.63,2901.34,3080.68,3026.63,3390.07,3250.47,3056.69,3114.72,2967.58,3094.79,3106.22,2997.81,2890.87,3155.4525,175.9222476
