Yr,Seas,FltSvy,Gender,Part,Nsamp,10,15,20,25,30,35,40,45,50,55,60,65,70,75,80,85,90,95,100,105,110,115,120,125,130,135,140,145,150,155,160,165,170,175,180,185,190,195,200,205,210,215,220,225,230
1994,1,1,0,0,50,0,0,0,0,0,0,0,0,0,0,0,0,0,0,0,0,0,0,1,0,0,0,1,2,3,19,20,49,66,72,95,111,120,121,102,69,30,31,15,12,8,2,1,1,2
1995,1,1,0,0,50,0,0,0,0,0,0,0,0,0,0,0,0,0,0,1,0,0,0,0,1,1,1,1,9,4,18,29,34,79,103,100,127,108,100,60,30,30,19,7,5,0,4,0,1,7
1996,1,1,0,0,50,0,0,0,0,0,0,0,0,0,0,0,0,0,0,0,0,0,0,0,0,1,4,2,7,6,21,43,56,87,111,134,110,95,71,58,43,26,15,7,6,3,1,0,0,1
1997,1,1,0,0,50,0,0,0,0,0,0,0,0,0,0,0,0,0,0,0,0,0,0,0,0,0,0,6,5,18,28,52,88,113,129,108,99,72,51,27,10,7,5,4,3,1,1,0,0,1
1998,1,1,0,0,50,0,0,0,0,0,0,0,0,0,0,0,0,0,0,0,1,0,1,2,1,0,2,3,7,20,31,60,81,119,103,103,89,49,42,29,16,7,3,1,0,2,0,0,0,1
1999,1,1,0,0,50,0,0,0,0,0,0,0,0,0,0,0,0,0,0,0,0,1,0,0,0,0,3,2,14,24,40,67,121,131,135,139,111,87,46,37,19,13,9,6,1,4,1,0,0,1
2000,1,1,0,0,42.2,0,0,0,0,0,0,0,0,0,0,0,0,0,0,0,0,0,0,0,0,1,0,1,5,7,17,22,43,56,63,52,42,37,20,17,15,7,7,2,1,1,1,3,1,1
2001,1,1,0,0,50,0,0,0,0,0,0,0,0,0,0,0,0,0,0,0,0,0,0,1,0,2,0,1,5,8,12,33,55,84,82,73,60,33,24,17,9,10,3,1,1,0,0,0,0,1
2002,1,1,0,0,50,0,0,0,0,0,0,0,0,0,0,0,0,0,0,0,0,1,0,0,1,0,0,1,11,24,25,46,70,92,92,75,67,45,35,21,11,10,6,5,3,1,1,0,1,0
2003,1,1,0,0,45,0,0,0,0,0,0,0,0,0,0,0,0,0,0,1,0,1,0,0,1,2,2,1,11,8,26,36,55,61,52,61,40,30,26,18,4,4,5,0,1,1,2,1,0,0
2004,1,1,0,0,50,0,0,0,0,0,0,0,0,0,0,0,0,0,0,0,0,0,0,0,0,0,1,0,4,7,13,34,56,110,116,153,135,99,63,26,21,8,6,4,4,2,3,1,1,5
2005,1,1,0,0,50,0,0,0,0,0,0,0,0,0,0,0,0,0,0,0,0,0,0,0,1,2,1,4,2,7,22,36,46,90,88,123,86,80,39,25,14,3,2,2,1,0,2,1,0,1
2006,1,1,0,0,50,0,0,0,0,0,0,0,0,0,0,0,0,0,0,0,0,0,0,1,1,0,3,5,2,9,21,20,25,61,74,86,84,77,45,29,13,8,3,8,2,2,0,2,1,10
2007,1,1,0,0,50,0,0,0,0,0,0,0,0,0,0,0,0,0,0,0,0,0,0,0,0,0,0,1,7,16,11,27,58,83,115,147,115,80,48,31,17,8,6,0,6,2,4,1,2,2
2008,1,1,0,0,50,0,0,0,0,0,0,0,0,0,0,0,0,0,0,0,0,0,0,0,0,0,0,3,2,6,22,40,57,110,123,185,163,180,120,72,37,25,13,12,1,3,2,4,5,1
2009,1,1,0,0,50,0,0,0,0,0,0,0,0,0,0,0,0,0,0,0,0,0,0,2,0,0,0,2,6,14,12,25,59,96,125,150,174,110,86,63,18,21,6,3,2,2,0,1,3,3
2010,1,1,0,0,50,0,0,0,0,0,0,0,0,0,0,0,0,0,0,0,0,0,0,0,0,1,3,3,6,12,16,49,88,123,165,185,164,115,87,53,22,19,7,8,4,1,1,1,0,0
2011,1,1,0,0,50,0,0,0,0,0,0,0,0,0,0,0,0,0,0,1,1,1,1,1,3,0,0,0,4,2,12,27,50,66,106,128,146,142,112,69,39,15,15,4,4,0,1,0,0,3
2012,1,1,0,0,50,0,0,0,0,0,0,0,0,0,0,0,0,0,2,0,0,0,0,0,0,0,1,5,3,22,35,62,105,157,129,138,105,77,46,38,20,9,4,6,3,0,1,1,2,14
2013,1,1,0,0,50,0,0,0,0,0,0,0,0,0,0,0,0,0,0,0,0,0,2,1,2,1,1,1,0,3,10,20,44,70,140,156,177,157,103,82,23,6,2,0,4,2,4,1,1,0
2014,1,1,0,0,50,0,0,0,0,0,0,0,0,0,0,0,0,0,0,0,0,0,0,0,0,0,0,0,3,1,12,23,25,68,109,153,154,150,101,79,39,20,8,6,1,2,1,0,0,1
2015,1,1,0,0,50,0,0,0,0,0,0,0,0,0,0,0,0,0,0,0,1,0,0,0,0,0,0,2,3,11,12,28,47,91,105,126,109,87,49,28,23,19,3,5,2,0,1,0,0,0
2016,1,1,0,0,50,0,0,0,0,0,0,0,0,0,0,0,0,0,0,1,1,0,0,0,0,0,1,2,4,17,16,31,52,94,141,173,242,229,167,114,64,31,13,3,5,0,3,1,1,1
2017,1,1,0,0,50,0,0,0,0,0,0,0,0,0,0,0,0,0,0,0,0,0,0,0,0,0,0,1,1,3,11,24,43,91,102,156,195,184,119,89,37,27,12,9,5,1,1,0,0,1
2018,1,1,0,0,50,0,0,0,0,0,0,0,0,0,0,0,0,0,0,0,0,0,0,1,0,0,0,1,4,8,4,11,37,42,77,109,122,154,113,87,52,22,14,5,1,2,0,0,1,0
2019,1,1,0,0,50,0,0,0,0,0,0,0,0,0,0,0,0,0,0,0,0,0,0,0,1,1,1,2,5,9,13,36,59,108,147,175,148,116,99,66,36,14,4,3,4,4,1,1,0,1
2020,1,1,0,0,50,0,0,0,0,0,0,0,0,0,0,0,0,0,1,0,0,0,0,0,1,1,3,3,19,12,28,70,128,189,203,216,168,143,83,56,29,13,4,2,3,1,0,0,2,0
1994,1,2,0,0,50,0,0,0,0,0,0,0,0,0,0,0,0,0,0,0,1,1,2,2,5,6,14,31,60,81,118,159,196,201,166,124,97,79,68,54,32,16,13,2,6,5,7,4,1,3
1995,1,2,0,0,50,0,0,0,0,0,0,0,0,0,0,0,0,0,0,3,3,3,2,7,21,19,25,31,64,92,105,131,181,211,227,181,136,121,72,28,31,10,8,4,7,6,3,4,4,6
1996,1,2,0,0,50,0,0,0,0,0,0,0,0,0,0,0,0,0,0,0,0,1,1,6,8,9,25,34,52,122,136,155,196,186,165,145,84,76,36,26,21,8,7,3,4,0,0,0,0,0
1997,1,2,0,0,50,0,0,0,0,0,0,0,0,0,0,0,0,0,0,1,1,1,1,1,3,3,6,12,22,43,78,139,221,206,216,135,108,68,42,23,21,14,7,2,4,10,2,5,1,7
1998,1,2,0,0,50,0,0,0,0,0,0,0,0,0,0,0,0,0,0,0,0,0,0,3,3,11,16,30,58,82,131,146,201,198,164,175,124,91,47,29,9,10,7,2,2,1,1,1,0,3
1999,1,2,0,0,50,0,0,0,0,0,0,0,0,0,0,0,0,0,0,0,1,0,0,1,3,7,20,28,77,142,175,191,181,163,123,93,71,41,34,21,11,4,3,3,2,2,4,2,0,1
2000,1,2,0,0,50,0,0,0,0,0,0,0,0,0,0,0,0,2,1,0,2,1,1,2,7,5,15,18,38,71,128,214,186,213,177,129,97,73,50,28,25,8,7,3,2,2,3,4,1,5
2001,1,2,0,0,50,0,0,0,0,0,0,0,0,0,0,0,0,0,0,0,3,0,1,13,13,26,29,42,48,69,110,202,221,214,154,135,73,39,28,23,10,9,4,1,2,4,2,4,1,1
2002,1,2,0,0,50,0,0,0,0,0,0,0,0,0,0,0,0,0,0,0,0,0,2,3,7,6,22,46,64,118,154,238,242,231,195,124,71,51,31,26,11,9,7,10,3,2,1,2,0,8
2003,1,2,0,0,50,0,0,0,0,0,0,0,0,0,0,0,0,0,0,0,1,1,2,4,11,8,13,38,66,105,123,202,207,200,179,143,97,61,40,22,9,2,0,0,1,1,1,2,1,0
2004,1,2,0,0,50,0,0,0,0,0,0,0,0,0,0,0,0,0,0,0,0,1,1,1,1,4,4,15,24,28,75,121,152,208,153,116,102,71,42,23,9,3,4,2,1,1,1,0,0,0
2005,1,2,0,0,50,0,0,0,0,0,0,0,0,0,0,0,0,0,0,0,1,0,2,5,4,2,6,9,26,27,55,77,130,152,144,170,117,92,55,30,13,5,2,2,2,1,2,1,1,3
2006,1,2,0,0,50,0,0,0,0,0,0,0,0,0,0,0,0,0,0,0,2,2,4,7,5,11,7,9,17,22,46,74,121,125,149,162,119,94,59,34,25,16,8,4,3,5,1,1,2,2
2007,1,2,0,0,50,0,0,0,0,0,0,0,0,0,0,0,0,0,0,0,0,2,3,1,4,7,3,5,21,28,62,77,105,124,104,65,65,36,31,16,16,5,6,8,4,0,4,0,1,1
2008,1,2,0,0,50,0,0,0,0,0,0,0,0,0,0,0,0,0,0,0,1,0,0,0,1,0,2,4,9,16,43,65,93,117,97,86,58,37,32,18,18,10,8,12,5,3,1,1,1,1
2009,1,2,0,0,50,0,0,0,0,0,0,0,0,0,0,0,0,0,0,1,5,1,4,6,11,4,5,6,27,27,48,76,108,95,61,72,51,29,30,11,5,3,3,1,3,0,0,1,2,1
2010,1,2,0,0,50,0,0,0,0,0,0,0,0,0,0,0,0,0,2,0,3,5,1,2,4,5,7,7,14,52,62,110,145,167,161,119,65,45,24,22,14,13,7,6,2,2,0,0,0,1
2011,1,2,0,0,50,0,0,0,0,0,0,0,0,0,0,0,0,1,0,3,12,14,12,12,7,12,5,11,16,22,34,91,133,165,147,122,96,70,48,26,17,14,11,8,4,5,2,0,0,3
2012,1,2,0,0,50,0,0,0,0,0,0,0,0,0,0,0,0,1,1,1,4,5,3,13,9,14,9,19,41,74,114,204,253,204,154,108,85,41,26,13,10,7,6,4,4,1,1,0,0,0
2013,1,2,0,0,50,0,0,0,0,0,0,0,0,0,0,1,0,1,3,3,7,5,9,3,3,3,4,7,26,28,32,76,130,137,181,161,125,82,41,17,11,5,2,0,0,1,0,0,0,1
2014,1,2,0,0,50,0,0,0,0,0,0,0,0,0,0,0,0,0,1,4,3,1,6,8,2,3,2,7,7,31,52,84,111,154,175,163,149,95,63,36,15,7,6,1,3,0,0,0,0,0
2015,1,2,0,0,50,0,0,0,0,0,0,0,0,0,0,0,0,0,1,0,1,5,5,4,6,3,1,10,26,46,84,167,248,262,219,182,119,57,20,15,11,2,5,1,2,2,0,0,1,0
2016,1,2,0,0,50,0,0,0,0,0,0,0,0,0,0,0,0,0,0,0,0,0,2,4,2,5,7,3,10,17,35,54,101,99,116,104,98,69,36,22,11,5,7,3,5,0,1,1,2,0
2017,1,2,0,0,50,0,0,0,0,0,0,0,0,0,0,0,0,0,0,0,0,0,2,0,1,2,2,11,12,18,40,73,93,121,91,71,36,30,12,4,4,1,2,0,1,1,0,0,0,0
2018,1,2,0,0,50,0,0,0,0,0,0,0,0,0,0,0,0,0,0,0,0,1,0,1,0,5,1,7,2,10,11,27,44,104,99,123,100,72,49,21,13,6,6,1,2,3,0,1,0,1
2019,1,2,0,0,50,0,0,0,0,0,0,0,0,0,0,0,0,0,0,0,2,0,2,6,2,6,2,7,10,20,28,62,112,114,152,132,113,56,39,24,9,8,1,3,1,1,0,0,0,1
2020,1,2,0,0,50,0,0,0,0,0,0,0,0,0,0,0,0,0,1,0,1,1,1,0,2,0,4,8,20,32,50,85,136,161,153,118,70,43,28,12,8,2,3,1,1,1,1,0,1,0
1994,4,4,0,0,50,0,0,0,0,0,0,0,0,0,0,0,0,1,0,1,4,8,14,21,26,31,15,41,60,75,88,150,203,190,207,185,174,179,143,95,74,46,35,21,11,7,2,2,0,3
1995,4,4,0,0,50,0,0,0,0,0,0,0,0,0,0,0,1,2,5,10,15,17,16,15,24,22,20,27,38,55,71,130,214,242,278,293,283,181,123,82,57,36,15,22,7,5,3,6,3,5
1996,4,4,0,0,50,0,0,0,0,0,0,0,0,0,0,0,0,0,0,1,0,3,3,15,20,21,39,52,92,123,145,192,238,275,213,231,163,115,89,68,42,21,6,9,10,2,8,5,3,7
1997,4,4,0,0,50,0,0,0,0,0,0,0,0,0,0,0,0,0,4,3,7,14,21,32,23,25,24,20,41,92,107,146,225,234,245,228,190,113,80,57,34,18,13,11,1,5,1,4,1,1
1998,4,4,0,0,50,0,0,0,0,0,0,0,0,0,0,0,0,0,1,0,1,5,4,13,14,17,24,36,65,82,97,167,220,217,219,178,151,102,70,68,39,20,14,11,6,4,3,3,2,6
1999,4,4,0,0,50,0,0,0,0,0,0,0,0,0,0,0,1,3,0,0,2,4,3,14,18,25,33,48,101,98,149,187,305,336,302,277,190,148,100,55,41,23,6,2,3,1,2,1,3,1
2000,4,4,0,0,50,0,0,0,0,0,0,0,0,0,0,0,0,0,1,3,3,0,1,9,12,11,23,27,44,65,108,169,201,242,268,267,255,178,125,92,36,20,18,11,1,2,2,3,2,5
2001,4,4,0,0,50,0,0,0,0,0,0,0,0,0,0,0,0,0,1,3,4,11,22,20,28,37,53,49,78,120,123,213,244,264,245,225,195,118,79,50,25,18,11,6,3,2,3,0,2,5
2002,4,4,0,0,50,0,0,0,0,0,0,0,0,0,0,0,0,0,0,0,0,2,4,4,5,18,39,68,89,128,171,236,263,306,255,218,157,81,71,44,17,19,7,4,5,4,5,1,1,3
2003,4,4,0,0,50,0,0,0,0,0,0,0,0,0,0,0,1,1,2,3,1,11,13,13,20,18,22,25,38,63,89,142,208,263,301,242,167,114,63,40,18,17,10,5,2,5,2,3,1,4
2004,4,4,0,0,50,0,0,0,0,0,0,0,0,0,0,0,0,1,2,1,2,4,2,8,17,19,14,22,39,56,83,122,222,227,308,289,237,171,109,78,45,19,25,8,4,3,0,3,0,4
2005,4,4,0,0,50,0,0,0,0,0,0,0,0,0,0,0,1,3,0,2,0,1,2,10,24,20,17,25,30,34,64,93,137,216,241,231,242,194,137,82,46,21,11,12,6,5,1,2,2,3
2006,4,4,0,0,50,0,0,0,0,0,0,0,0,0,0,0,0,1,5,2,10,8,11,28,31,21,21,36,40,59,78,113,180,192,196,210,176,162,107,85,51,37,20,11,12,7,5,5,3,3
2007,4,4,0,0,50,0,0,0,0,0,0,0,0,0,0,0,0,0,0,0,0,1,2,3,6,3,4,26,44,62,94,116,170,229,258,216,177,130,95,47,28,24,12,15,5,12,2,0,1,1
2008,4,4,0,0,50,0,0,0,0,0,0,0,0,0,0,0,0,0,0,2,4,6,3,15,17,23,28,28,21,24,57,72,114,152,177,175,151,155,114,88,46,33,21,13,9,7,5,3,1,0
2009,4,4,0,0,50,0,0,0,0,0,0,0,0,0,0,0,0,0,0,0,0,0,0,2,4,5,8,17,20,38,53,70,105,119,156,153,130,135,111,84,44,24,17,10,6,4,4,1,1,7
2010,4,4,0,0,50,0,0,0,0,0,0,0,0,0,0,0,0,0,0,0,0,0,0,5,6,8,6,24,40,61,75,150,195,252,242,207,172,107,67,36,29,19,17,9,4,1,2,0,0,3
2011,4,4,0,0,50,0,0,0,0,0,0,0,0,0,0,0,0,2,0,0,2,4,8,6,11,10,12,12,13,22,35,71,101,130,144,179,173,125,101,84,59,43,20,17,11,6,5,2,3,2
2012,4,4,0,0,50,0,0,0,0,0,0,0,0,0,0,0,0,0,4,1,1,0,0,3,7,4,9,7,27,47,74,124,214,243,237,235,201,151,103,47,37,17,10,7,2,3,2,0,1,2
2013,4,4,0,0,50,0,0,0,0,0,0,0,0,0,0,0,0,0,0,0,3,2,2,12,11,18,18,18,32,36,64,104,198,215,260,277,250,174,128,75,34,12,8,8,5,2,2,2,1,4
2014,4,4,0,0,50,0,0,0,0,0,0,0,0,0,0,0,0,2,3,3,4,7,11,13,13,14,26,26,52,42,60,81,113,112,138,142,154,126,133,105,56,43,22,15,12,4,5,0,1,0
2015,4,4,0,0,50,0,0,0,0,0,0,0,0,0,0,0,1,0,1,0,2,3,2,10,16,8,17,7,34,32,66,115,191,236,244,228,165,122,94,44,33,16,6,6,6,6,3,0,1,1
2016,4,4,0,0,50,0,0,0,0,0,0,0,0,0,0,0,0,0,0,0,0,1,1,0,5,4,14,26,33,27,34,80,116,148,161,189,160,137,141,86,55,36,15,11,5,1,1,1,2,1
2017,4,4,0,0,50,0,0,0,0,0,0,0,0,0,0,0,0,0,0,0,0,1,4,6,7,6,7,22,33,39,40,62,85,111,112,168,179,156,115,86,54,32,19,14,5,2,1,2,0,0
2018,4,4,0,0,50,0,0,0,0,0,0,0,0,0,0,0,0,0,0,3,2,5,8,1,1,10,26,24,26,32,44,52,57,95,114,111,116,103,85,66,52,32,13,2,3,6,0,1,0,1
2019,4,4,0,0,50,0,0,0,0,0,0,0,0,0,0,0,0,0,2,1,4,2,1,8,7,11,11,25,33,44,48,87,136,149,147,148,155,124,96,63,41,19,11,7,4,0,0,0,0,0
2020,4,4,0,0,50,0,0,0,0,0,0,0,0,0,0,0,0,0,1,0,0,0,1,0,1,4,16,25,44,58,78,87,123,133,127,128,128,85,66,51,36,31,17,12,4,1,0,0,0,0
1994,7,5,0,0,50,0,0,0,0,0,0,0,0,0,0,0,0,0,0,1,0,0,1,2,3,5,8,25,67,119,154,195,278,234,148,72,51,43,21,10,10,5,3,3,0,0,0,0,0,0
1995,7,5,0,0,50,0,0,0,0,0,0,0,0,0,0,0,0,0,0,0,0,0,3,2,8,15,16,30,65,134,127,111,97,56,44,24,25,14,13,6,6,2,0,2,1,0,0,1,1,1
1996,7,5,0,0,50,0,0,0,0,0,0,0,0,0,0,0,2,2,2,0,0,0,2,1,7,4,17,42,62,123,127,204,185,166,112,73,41,23,16,10,7,0,2,0,1,2,0,0,0,0
1997,7,5,0,0,50,0,0,0,0,0,0,0,0,0,0,0,0,0,0,0,0,4,5,7,17,26,45,72,118,173,156,134,123,68,32,36,26,7,9,10,6,3,1,1,1,2,0,1,0,0
1998,7,5,0,0,50,0,0,0,0,0,0,0,0,0,0,0,0,0,1,0,0,0,1,2,8,10,27,70,165,237,252,168,99,79,39,21,11,16,12,10,10,5,1,3,1,1,0,1,1,6
1999,7,5,0,0,50,0,0,0,0,0,0,0,0,0,0,0,0,0,0,0,0,0,0,2,4,6,17,44,116,184,226,207,185,90,65,40,37,32,24,6,7,4,2,2,2,1,0,0,2,1
2000,7,5,0,0,50,0,0,0,0,0,0,0,0,0,0,0,0,0,0,0,0,0,0,1,0,1,7,17,52,109,165,215,228,154,86,61,37,30,18,5,5,5,2,1,1,0,0,1,0,3
2001,7,5,0,0,50,0,0,0,0,0,0,0,0,0,0,0,0,0,0,0,0,0,1,7,10,13,16,41,97,168,181,146,106,61,43,25,15,11,11,3,4,5,1,0,0,0,0,0,1,2
2002,7,5,0,0,50,0,0,0,0,0,0,0,0,0,0,0,0,0,0,0,3,0,0,2,5,2,12,38,77,170,207,217,167,124,90,49,25,15,10,9,2,2,1,3,1,1,0,0,0,0
2003,7,5,0,0,50,0,0,0,0,0,0,0,0,0,0,0,0,0,0,0,0,0,1,4,12,9,22,63,127,187,157,143,98,74,38,26,26,9,9,8,2,5,1,3,1,1,0,0,0,3
2004,7,5,0,0,50,0,0,0,0,0,0,0,0,0,0,0,0,0,0,1,0,0,0,4,13,16,20,26,46,80,107,200,247,223,171,78,50,25,25,8,6,4,4,1,1,0,1,0,0,1
2005,7,5,0,0,50,0,0,0,0,0,0,0,0,0,0,0,0,0,0,0,0,0,1,1,4,4,12,22,48,72,98,126,140,109,72,58,28,13,8,6,2,3,3,3,3,5,1,1,0,9
2006,7,5,0,0,50,0,0,0,0,0,0,0,0,0,0,0,0,0,0,0,0,0,0,5,6,13,25,55,113,183,192,173,121,66,48,30,26,13,7,2,5,3,1,3,0,1,1,0,0,1
2007,7,5,0,0,50,0,0,0,0,0,0,0,0,0,0,0,0,0,1,0,0,0,0,0,0,1,6,16,48,86,129,197,212,186,120,78,40,12,13,8,6,6,7,3,2,1,3,1,0,0
2008,7,5,0,0,50,0,0,0,0,0,0,0,0,0,0,0,0,0,0,0,0,0,0,2,8,7,25,42,73,122,154,132,123,100,58,24,13,11,6,4,4,6,1,2,2,6,0,0,0,0
2009,7,5,0,0,50,0,0,0,0,0,0,0,0,0,0,0,0,0,0,0,0,0,0,0,2,1,7,27,61,89,130,160,145,102,94,46,29,10,7,4,5,3,2,2,2,1,1,0,1,2
2010,7,5,0,0,50,0,0,0,0,0,0,0,0,0,0,0,0,0,0,0,1,1,2,1,3,2,7,12,45,75,104,151,145,108,83,42,18,9,6,1,3,3,1,3,1,1,1,2,0,2
2011,7,5,0,0,50,0,0,0,0,0,0,0,0,0,0,0,0,1,1,1,0,0,1,5,11,14,16,47,93,184,180,144,106,61,37,25,23,8,5,3,3,1,0,0,0,1,3,2,0,3
2012,7,5,0,0,50,0,0,0,0,0,0,0,0,0,0,0,0,0,0,0,0,0,0,0,2,5,10,14,35,82,98,119,137,125,87,53,23,13,14,6,2,2,0,0,1,1,0,0,1,2
2013,7,5,0,0,50,0,0,0,0,0,0,0,0,0,0,0,0,0,0,0,0,0,0,2,3,1,14,20,29,40,49,66,119,95,61,42,18,15,11,5,3,2,1,0,1,1,0,0,0,0
2014,7,5,0,0,50,0,0,0,0,0,0,0,0,0,0,0,0,0,0,0,0,1,1,2,3,5,10,18,38,81,103,139,156,114,69,34,27,13,13,4,1,1,1,1,0,0,0,0,0,0
2015,7,5,0,0,49.4,0,0,0,0,0,0,0,0,0,0,0,0,0,0,0,0,0,0,0,5,4,8,9,23,33,70,77,74,63,60,25,22,8,3,1,2,1,1,1,1,0,0,2,1,0
2016,7,5,0,0,44.6,0,0,0,0,0,0,0,0,0,0,0,0,0,0,0,0,0,0,0,3,2,4,26,23,47,39,71,48,44,56,34,22,14,7,3,0,1,0,0,1,0,0,0,0,1
2017,7,5,0,0,50,0,0,0,0,0,0,0,0,0,0,0,0,0,0,0,0,0,0,0,1,3,6,8,15,39,30,79,92,99,83,39,26,19,10,8,2,3,0,1,0,0,0,0,0,0
2018,7,5,0,0,41.7,0,0,0,0,0,0,0,0,0,0,0,0,0,0,0,0,1,0,2,5,0,1,4,17,31,56,57,69,57,52,32,16,4,5,4,1,0,2,1,0,0,0,0,0,0
2019,7,5,0,0,50,0,0,0,0,0,0,0,0,0,0,0,0,0,0,1,0,0,1,2,1,5,14,33,60,96,85,79,67,53,33,25,18,17,8,2,2,1,2,0,0,0,0,0,0,0
2020,7,5,0,0,50,0,0,0,0,0,0,0,0,0,0,0,0,0,0,0,0,0,0,0,1,0,5,8,41,63,94,95,82,56,36,20,11,8,5,2,1,2,0,0,0,0,1,1,2,0
1994,10,6,0,0,50,0,0,0,0,0,0,0,0,0,0,0,0,2,0,1,4,2,2,12,7,12,13,10,38,47,94,180,271,385,448,427,363,275,155,95,43,28,11,8,7,5,2,2,1,9
1995,10,6,0,0,50,0,0,0,0,0,0,0,0,0,0,0,0,0,0,0,0,2,7,13,17,19,21,54,71,129,176,286,393,384,367,289,212,109,60,38,18,15,6,3,4,1,1,2,0,5
1996,10,6,0,0,50,0,0,0,0,0,0,0,0,0,0,0,0,1,1,0,0,0,2,5,7,4,9,18,36,64,138,256,392,433,406,348,262,138,82,50,33,21,5,9,4,1,3,3,2,7
1997,10,6,0,0,50,0,0,0,0,0,0,0,0,0,0,0,0,3,1,1,0,0,3,4,8,16,12,28,53,104,138,262,332,348,274,234,174,102,69,46,22,12,12,11,3,6,3,3,1,8
1998,10,6,0,0,50,0,0,0,0,0,0,0,0,0,0,0,0,0,1,0,0,0,1,1,5,13,22,42,112,190,321,376,442,416,274,197,111,69,55,23,16,5,5,7,4,2,2,1,0,4
1999,10,6,0,0,50,0,0,0,0,0,0,0,0,0,0,0,0,0,0,2,1,0,1,1,3,7,6,23,46,109,178,305,459,458,377,265,159,110,65,40,26,11,7,5,3,3,0,0,1,2
2000,10,6,0,0,50,0,0,0,0,0,0,0,0,0,0,0,0,0,0,0,0,0,2,7,4,16,19,11,40,81,160,311,413,508,396,265,178,93,60,31,10,8,11,5,4,8,1,0,0,0
2001,10,6,0,0,50,0,0,0,0,0,0,0,0,0,0,0,1,2,0,1,1,1,1,3,5,12,13,40,114,203,299,363,392,338,281,206,114,65,27,21,16,12,10,5,2,4,1,0,1,0
2002,10,6,0,0,50,0,0,0,0,0,0,0,0,0,0,0,0,0,0,0,1,0,0,2,5,4,13,22,52,84,159,219,277,267,199,126,104,61,37,23,18,5,1,2,1,2,1,0,1,3
2003,10,6,0,0,50,0,0,0,0,0,0,0,0,0,0,0,0,0,1,0,0,0,0,1,3,3,6,11,35,54,100,180,227,244,248,185,129,61,33,21,20,9,5,5,0,3,2,1,0,1
2004,10,6,0,0,50,0,0,0,0,0,0,0,0,0,0,0,0,1,1,0,0,1,2,6,10,13,4,12,25,36,87,134,241,308,316,247,141,86,63,23,16,19,8,6,3,5,4,1,2,1
2005,10,6,0,0,50,0,0,0,0,0,0,0,0,0,0,0,0,1,1,2,5,3,4,4,3,8,4,10,25,39,81,126,223,275,242,238,193,115,59,31,12,16,8,17,9,3,4,2,1,7
2006,10,6,0,0,50,0,0,0,0,0,0,0,0,0,0,0,0,0,0,1,0,1,0,0,3,3,8,11,40,49,102,152,249,272,240,180,151,83,51,34,15,8,11,8,1,0,1,3,2,2
2007,10,6,0,0,50,0,0,0,0,0,0,0,0,0,0,0,0,0,1,1,2,1,4,8,5,5,3,9,10,42,82,183,308,435,436,329,223,126,66,35,18,14,15,13,21,9,1,1,1,5
2008,10,6,0,0,50,0,0,0,0,0,0,0,0,0,0,0,0,0,0,1,1,3,3,3,4,3,13,26,53,133,170,216,265,233,192,127,80,41,31,11,11,9,4,5,5,2,3,1,1,3
2009,10,6,0,0,50,0,0,0,0,0,0,0,0,0,0,0,0,0,1,1,1,1,1,1,0,1,9,17,30,73,95,164,204,254,217,148,96,58,49,16,11,9,3,1,2,0,4,1,1,6
2010,10,6,0,0,50,0,0,0,0,0,0,0,0,0,0,0,0,0,0,0,0,5,2,2,0,2,7,6,23,42,92,147,250,273,217,140,85,54,28,22,13,4,7,4,5,0,4,0,3,4
2011,10,6,0,0,50,0,0,0,0,0,0,0,0,0,0,0,0,0,2,1,1,1,0,0,2,5,6,30,91,141,238,319,368,292,220,133,91,45,28,20,8,7,4,0,2,4,2,1,0,6
2012,10,6,0,0,50,0,0,0,0,0,0,0,0,0,0,0,0,1,0,1,1,1,0,0,1,5,7,5,45,71,113,157,263,310,301,247,132,75,40,20,7,6,8,3,1,0,2,0,1,3
2013,10,6,0,0,50,0,0,0,0,0,0,0,0,0,0,0,1,0,0,1,0,1,2,2,4,5,11,22,36,60,94,194,259,282,279,213,140,80,32,23,13,6,5,1,3,0,0,0,1,3
2014,10,6,0,0,50,0,0,0,0,0,0,0,0,0,0,0,0,0,1,0,0,1,1,2,2,3,3,9,31,62,111,219,241,279,206,121,69,41,18,6,12,9,6,2,1,0,0,0,0,2
2015,10,6,0,0,50,0,0,0,0,0,0,0,0,0,0,0,0,1,0,0,3,0,2,1,5,4,1,6,22,34,55,89,158,168,154,137,112,76,42,30,12,5,8,2,2,2,2,0,0,3
2016,10,6,0,0,50,0,0,0,0,0,0,0,0,0,0,0,0,0,0,1,0,1,0,0,0,1,2,9,24,45,78,145,197,232,180,139,107,59,36,21,11,11,6,2,3,2,2,0,0,4
2017,10,6,0,0,50,0,0,0,0,0,0,0,0,0,0,0,0,0,1,0,3,0,3,2,2,5,4,5,10,18,45,72,115,123,126,113,93,66,52,28,8,4,1,1,1,0,1,0,1,0
2018,10,6,0,0,50,0,0,0,0,0,0,0,0,0,0,0,0,0,0,0,0,3,2,6,2,6,4,6,16,43,54,124,181,211,189,156,104,50,25,12,6,9,3,0,0,0,0,0,0,1
2019,10,6,0,0,50,0,0,0,0,0,0,0,0,0,0,0,0,0,4,3,1,2,1,2,2,4,12,21,59,125,200,209,260,218,143,107,66,37,19,20,5,4,5,3,2,2,2,3,1,0
2020,10,6,0,0,50,0,0,0,0,0,0,0,0,0,0,0,0,0,0,0,0,1,2,2,2,0,5,10,22,40,63,104,118,163,132,99,60,49,23,9,2,2,0,0,2,0,0,0,1,0
2005,4,14,0,0,1.5,0,0,0,0,0,0,0,0,0,0,0,0,0,0,0,0,0,0,0,0,0,0,0,0,0,0,0,1,0,1,2,3,2,4,0,1,0,0,0,1,0,0,0,0,0
2008,1,13,0,0,10.2,0,0,0,0,0,0,0,0,0,0,0,0,0,0,0,0,0,0,0,0,0,0,0,0,0,0,2,1,4,14,14,21,23,12,6,3,2,0,0,0,0,0,0,0,0
2008,4,14,0,0,6.9,0,0,0,0,0,0,0,0,0,0,0,0,0,0,0,0,0,0,0,0,0,0,0,0,0,1,0,2,8,10,3,10,8,9,8,7,2,0,1,0,0,0,0,0,0
2008,7,14,0,0,50,0,0,0,0,0,0,0,0,0,0,0,0,0,0,0,0,0,0,0,0,1,6,30,117,225,347,262,266,318,439,451,478,405,225,131,67,38,9,5,3,1,0,0,0,0
2008,10,13,0,0,15.3,0,0,0,0,0,0,0,0,0,0,0,0,0,0,0,0,0,0,0,0,0,0,0,0,0,2,1,4,6,16,16,23,25,31,17,8,1,1,1,1,0,0,0,0,0
2009,4,14,0,0,1.9,0,0,0,0,0,0,0,0,0,0,0,0,0,0,0,0,0,0,0,0,0,0,0,0,0,0,1,0,1,0,0,3,5,5,3,1,0,0,0,0,0,0,0,0,0
2009,7,14,0,0,50,0,0,0,0,0,0,0,0,0,0,0,0,0,0,0,0,0,0,0,0,0,0,1,20,79,167,270,338,317,256,306,302,223,211,108,61,18,14,7,3,0,0,0,0,0
2009,10,13,0,0,15.8,0,0,0,0,0,0,0,0,0,0,0,0,0,0,0,0,0,0,0,0,0,0,0,0,1,1,6,13,10,16,19,25,22,20,14,8,0,1,1,1,0,0,0,0,0
2010,4,14,0,0,20.9,0,0,0,0,0,0,0,0,0,0,0,0,0,0,0,0,0,0,0,0,0,0,3,6,11,12,6,12,19,37,31,25,13,15,6,5,8,0,0,0,0,0,0,0,0
2010,7,14,0,0,50,0,0,0,0,0,0,0,0,0,0,0,0,0,0,0,0,0,0,0,0,0,3,23,57,117,199,233,320,432,565,727,732,576,392,233,147,69,28,11,2,1,1,0,0,0
2010,10,13,0,0,32.1,0,0,0,0,0,0,0,0,0,0,0,0,0,0,0,0,0,0,0,0,0,0,0,0,0,1,0,0,4,15,42,55,65,55,44,19,17,1,2,1,0,0,0,0,0
2011,1,13,0,0,17.1,0,0,0,0,0,0,0,0,0,0,0,0,0,0,0,0,0,0,0,0,0,0,0,0,0,0,0,1,7,8,30,29,32,29,13,13,3,6,0,0,0,0,0,0,0
2011,7,14,0,0,19.9,0,0,0,0,0,0,0,0,0,0,0,0,0,0,0,0,0,0,0,0,1,0,1,2,5,6,5,9,21,27,22,29,29,22,7,5,7,1,0,0,0,0,0,0,0
2011,10,13,0,0,28.6,0,0,0,0,0,0,0,0,0,0,0,0,0,0,0,0,0,0,0,0,0,0,0,0,0,0,4,2,8,17,35,40,56,43,39,22,11,6,2,1,0,0,0,0,0
2012,1,13,0,0,3.9,0,0,0,0,0,0,0,0,0,0,0,0,0,0,0,0,0,0,0,0,0,0,0,0,0,0,0,1,3,1,6,10,7,4,3,3,1,0,0,0,0,0,0,0,0
2012,4,14,0,0,2.4,0,0,0,0,0,0,0,0,0,0,0,0,0,0,0,0,0,0,0,0,0,0,0,0,1,0,1,3,0,1,3,1,2,5,5,2,0,0,0,0,0,0,0,0,0
2012,7,14,0,0,50,0,0,0,0,0,0,0,0,0,0,0,0,0,0,0,0,0,0,0,0,0,6,33,112,221,342,469,633,753,671,715,550,412,315,204,65,25,15,11,1,1,1,1,0,0
2012,10,13,0,0,29.8,0,0,0,0,0,0,0,0,0,0,0,0,0,0,0,0,0,0,0,0,0,0,0,0,0,0,0,5,23,32,46,42,52,43,30,13,4,5,2,1,0,0,0,0,0
2013,7,14,0,0,50,0,0,0,0,0,0,0,0,0,0,0,0,0,0,0,0,0,0,0,0,0,0,4,8,30,40,29,44,93,145,199,166,167,104,66,27,14,1,5,1,0,0,0,0,0
2014,4,14,0,0,2.5,0,0,0,0,0,0,0,0,0,0,0,0,0,0,0,0,0,0,0,0,0,1,0,6,6,3,2,0,1,1,0,0,5,0,0,0,0,0,0,0,0,0,0,0,0
2014,7,14,0,0,50,0,0,0,0,0,0,0,0,0,0,0,0,0,0,0,0,0,0,0,0,1,4,39,99,126,62,32,25,33,43,30,45,36,30,14,5,4,0,2,0,0,0,0,0,0
2014,10,13,0,0,3.5,0,0,0,0,0,0,0,0,0,0,0,0,0,0,0,0,0,0,0,0,0,0,0,0,0,0,0,1,4,2,6,4,9,3,3,3,0,0,0,0,0,0,0,0,0
2015,4,14,0,0,6.5,0,0,0,0,0,0,0,0,0,0,0,0,0,0,0,0,0,0,0,0,0,0,0,3,1,5,3,5,15,9,8,4,1,5,2,2,1,0,1,0,0,0,0,0,0
2015,7,14,0,0,50,0,0,0,0,0,0,0,0,0,0,0,0,0,0,0,0,0,0,0,0,0,0,2,13,27,26,43,50,80,69,70,62,36,50,37,15,7,2,1,0,0,0,0,0,0
2015,10,13,0,0,2.2,0,0,0,0,0,0,0,0,0,0,0,0,0,0,0,0,0,0,0,0,0,0,0,0,0,0,0,2,2,1,4,4,1,7,0,1,0,0,0,0,0,0,0,0,0
2016,4,14,0,0,13.7,0,0,0,0,0,0,0,0,0,0,0,0,0,0,0,0,0,0,0,0,0,0,5,15,22,17,15,3,2,7,13,11,11,9,4,2,0,0,0,0,1,0,0,0,0
2016,7,14,0,0,11,0,0,0,0,0,0,0,0,0,0,0,0,0,0,0,0,0,0,0,0,0,0,0,0,6,6,7,3,12,10,12,15,11,10,9,5,3,0,1,0,0,0,0,0,0
2016,10,13,0,0,3.1,0,0,0,0,0,0,0,0,0,0,0,0,0,0,0,0,0,0,0,0,0,0,0,0,0,0,0,3,4,3,5,3,3,3,3,4,0,0,0,0,0,0,0,0,0
2017,7,14,0,0,22.7,0,0,0,0,0,0,0,0,0,0,0,0,0,0,0,0,0,0,0,0,0,0,0,0,3,4,10,19,20,23,36,36,27,15,16,10,4,1,2,1,0,0,0,0,0
2017,10,13,0,0,1.9,0,0,0,0,0,0,0,0,0,0,0,0,0,0,0,0,0,0,0,0,0,0,0,0,0,0,0,0,2,6,4,3,0,1,1,2,0,0,0,0,0,0,0,0,0
2018,7,14,0,0,50,0,0,0,0,0,0,0,0,0,0,0,0,0,0,0,0,0,0,0,0,0,0,0,0,8,20,18,36,34,50,86,80,66,52,42,26,12,2,2,4,0,0,0,0,0
2018,10,13,0,0,13.2,0,0,0,0,0,0,0,0,0,0,0,0,0,0,0,0,0,0,0,0,0,0,0,0,0,0,0,2,4,14,16,30,12,28,20,6,0,0,0,0,0,0,0,0,0
2019,7,14,0,0,50,0,0,0,0,0,0,0,0,0,0,0,0,0,0,0,0,0,0,0,0,0,5,21,58,46,37,16,21,32,60,79,88,73,45,30,6,5,2,0,0,0,0,0,0,0
2019,10,13,0,0,3.9,0,0,0,0,0,0,0,0,0,0,0,0,0,0,0,0,0,0,0,0,0,0,0,0,0,1,0,1,1,2,4,2,11,7,3,6,0,0,0,0,0,1,0,0,0
1994,1,16,0,0,7.3,0,0,0,0,0,0,0,0,0,0,0,0,0,0,0,0,0,0,1,0,1,2,5,6,2,6,4,10,9,5,7,2,3,4,0,2,2,2,0,0,0,0,0,0,0
1994,4,16,0,0,17,0,0,0,0,0,0,0,0,0,0,0,0,0,0,0,0,0,0,0,0,0,3,2,3,6,4,9,9,17,22,24,27,24,7,6,6,1,0,0,0,0,0,0,0,0
1994,7,16,0,0,3.2,0,0,0,0,0,0,0,0,0,0,0,0,0,0,0,0,0,0,0,0,0,0,0,0,3,2,4,6,7,4,0,2,1,2,0,1,0,0,0,0,0,0,0,0,0
1994,10,16,0,0,12.8,0,0,0,0,0,0,0,0,0,0,0,0,0,0,0,0,0,4,4,14,17,15,13,3,0,1,6,10,17,8,7,6,0,2,0,1,0,0,0,0,0,0,0,0,0
1995,1,16,0,0,20,0,0,0,0,0,0,0,0,0,0,0,0,0,0,0,0,1,0,3,18,24,34,23,6,4,5,8,9,17,17,8,13,4,0,4,1,1,0,0,0,0,0,0,0,0
1995,4,16,0,0,19.1,0,0,0,0,0,0,0,0,0,0,0,0,0,0,0,0,0,0,0,1,4,3,8,13,15,10,6,6,3,21,24,29,20,14,6,6,1,0,0,0,0,0,0,1,0
1995,7,16,0,0,6.2,0,0,0,0,0,0,0,0,0,0,0,0,0,0,0,0,0,0,0,0,0,2,0,8,14,7,1,5,3,7,5,5,3,1,0,1,0,0,0,0,0,0,0,0,0
1995,10,16,0,0,39.6,0,0,0,0,0,0,0,0,0,0,0,0,0,0,0,0,3,3,9,22,15,17,4,17,42,69,72,51,33,15,8,5,7,2,2,0,0,0,0,0,0,0,0,0,0
1996,1,16,0,0,39.4,0,0,0,0,0,0,0,0,0,0,0,0,0,0,0,0,0,0,3,15,44,62,31,17,21,38,60,51,20,13,9,5,2,2,1,0,0,0,0,0,0,0,0,0,0
1996,4,16,0,0,26.5,0,0,0,0,0,0,0,0,0,0,0,0,0,0,0,0,0,0,0,4,3,29,48,33,20,13,9,15,12,20,15,15,13,11,2,3,0,0,0,0,0,0,0,0,0
1996,7,16,0,0,6.4,0,0,0,0,0,0,0,0,0,0,0,0,0,0,0,0,0,0,0,0,1,0,5,6,9,11,7,6,4,3,4,0,2,3,3,0,0,0,0,0,0,0,0,0,0
1996,10,16,0,0,20.5,0,0,0,0,0,0,0,0,0,0,0,0,0,0,0,0,0,0,2,1,0,2,0,4,4,24,42,51,46,19,6,3,1,0,0,0,0,0,0,0,0,0,0,0,0
1997,1,16,0,0,15,0,0,0,0,0,0,0,0,0,0,0,0,0,0,0,0,0,2,8,17,26,21,11,3,1,3,3,6,16,10,7,7,4,1,1,2,0,0,0,0,0,1,0,0,0
1997,4,16,0,0,15.5,0,0,0,0,0,0,0,0,0,0,0,0,0,0,0,0,0,0,0,3,3,5,2,6,3,4,2,12,20,17,23,24,16,9,3,2,1,0,0,0,0,0,0,0,0
1997,7,16,0,0,4.1,0,0,0,0,0,0,0,0,0,0,0,0,0,0,0,0,0,0,0,0,0,0,1,6,9,12,8,2,1,2,0,0,0,0,0,0,0,0,0,0,0,0,0,0,0
1997,10,16,0,0,6.2,0,0,0,0,0,0,0,0,0,0,0,0,0,0,0,0,0,0,2,1,4,5,0,2,2,7,10,4,6,3,5,6,3,0,1,1,0,0,0,0,0,0,0,0,0
1998,1,16,0,0,13.1,0,0,0,0,0,0,0,0,0,0,0,0,0,0,0,0,0,0,0,0,4,17,38,14,9,6,7,8,14,5,3,1,3,0,2,0,0,0,0,0,0,0,0,0,0
1998,4,16,0,0,1.6,0,0,0,0,0,0,0,0,0,0,0,0,0,0,0,0,0,0,0,0,0,0,0,0,1,3,4,0,0,1,1,1,3,1,0,0,1,0,0,0,0,0,0,0,0
1998,7,16,0,0,12.1,0,0,0,0,0,0,0,0,0,0,0,0,0,0,0,0,0,1,0,0,0,0,0,10,18,25,30,15,5,9,0,3,0,2,1,1,1,0,0,0,0,0,0,0,0
1998,10,16,0,0,31.4,0,0,0,0,0,0,0,0,0,0,0,0,0,1,0,0,1,2,8,7,10,4,4,4,17,30,41,63,54,40,16,7,0,1,2,1,0,0,0,0,0,0,0,1,0
1999,1,16,0,0,8.5,0,0,0,0,0,0,0,0,0,0,0,0,0,0,0,0,0,0,0,1,6,5,15,8,1,1,7,12,8,8,7,3,1,0,0,2,0,0,0,0,0,0,0,0,0
1999,4,16,0,0,19.9,0,0,0,0,0,0,0,0,0,0,0,0,0,0,0,0,0,1,1,2,0,1,5,14,19,19,10,9,10,17,17,25,21,20,4,1,1,0,1,1,0,0,0,0,0
1999,7,16,0,0,2.3,0,0,0,0,0,0,0,0,0,0,0,0,0,0,0,0,0,0,0,0,0,0,0,1,3,5,3,3,1,3,1,0,0,1,1,0,0,1,0,0,0,0,0,0,0
1999,10,16,0,0,15.3,0,0,0,0,0,0,0,0,0,0,0,0,0,0,0,0,0,5,3,18,27,25,17,3,3,7,7,10,11,7,3,5,0,0,1,0,1,0,0,0,0,0,0,0,0
2000,1,16,0,0,12.1,0,0,0,0,0,0,0,0,0,0,0,0,0,0,0,0,0,0,1,4,4,19,36,13,2,6,7,13,5,6,5,0,0,0,0,0,0,0,0,0,0,0,0,0,0
2000,4,16,0,0,10.3,0,0,0,0,0,0,0,0,0,0,0,0,0,0,0,0,0,0,0,0,0,0,2,4,10,17,11,5,8,13,12,7,7,1,2,0,3,1,0,0,0,0,0,0,0
2000,7,16,0,0,3.9,0,0,0,0,0,0,0,0,0,0,0,0,0,0,0,0,0,0,0,0,0,0,0,1,1,5,5,4,9,3,2,4,3,0,2,0,0,0,0,0,0,0,0,0,0
2000,10,16,0,0,38.4,0,0,0,0,0,0,0,0,0,0,0,0,0,0,0,0,0,2,5,16,46,69,54,26,9,9,15,37,25,31,17,12,3,5,1,0,0,1,0,0,1,0,0,0,0
2001,1,16,0,0,50,0,0,0,0,0,0,0,0,0,0,0,0,0,0,0,0,2,2,17,85,176,227,213,107,47,34,43,83,73,57,37,9,8,3,0,1,0,1,0,0,0,0,0,0,0
2001,4,16,0,0,50,0,0,0,0,0,0,0,0,0,0,0,0,0,0,0,0,0,1,15,35,70,64,66,62,34,25,14,19,40,55,55,56,34,14,12,3,1,1,0,0,0,0,0,0,0
2001,7,16,0,0,25,0,0,0,0,0,0,0,0,0,0,0,0,0,0,0,0,0,0,0,1,2,16,19,36,52,47,27,12,10,6,5,4,4,4,2,1,0,0,1,0,0,1,0,0,0
2001,10,16,0,0,50,0,0,0,0,0,0,0,0,0,0,0,0,0,0,1,0,11,25,80,175,206,89,48,77,215,346,355,248,170,97,43,31,19,10,6,2,0,3,1,1,0,0,0,0,0
2002,1,16,0,0,50,0,0,0,0,0,0,0,0,0,0,0,0,0,0,0,0,2,5,34,71,103,81,58,40,40,73,131,125,87,66,41,17,5,7,2,3,0,0,0,0,0,1,0,0,0
2002,4,16,0,0,40.4,0,0,0,0,0,0,0,0,0,0,0,0,0,0,0,0,0,0,0,0,2,4,18,32,51,31,25,28,21,30,36,44,47,20,9,4,2,0,0,0,0,0,0,0,0
2002,7,16,0,0,11.2,0,0,0,0,0,0,0,0,0,0,0,0,0,0,2,0,2,1,3,1,0,1,0,1,2,4,17,21,14,13,7,8,6,3,3,2,0,0,0,0,0,0,0,0,1
2002,10,16,0,0,50,0,0,0,0,0,0,0,0,0,0,0,0,0,0,0,0,1,7,49,65,105,99,55,10,7,11,19,52,73,40,33,21,6,3,1,0,1,0,0,0,0,0,0,0,0
2003,1,16,0,0,50,0,0,0,0,0,0,0,0,0,0,0,0,0,0,0,0,2,3,20,77,166,211,184,137,90,50,85,68,104,109,86,57,24,15,3,1,0,0,0,0,1,0,0,0,0
2003,4,16,0,0,50,0,0,1,0,0,0,0,0,0,0,0,0,0,0,0,0,2,4,32,57,101,95,73,50,31,24,36,42,65,64,103,110,91,41,9,6,0,0,2,0,0,0,0,0,0
2003,7,16,0,0,50,0,0,0,0,0,0,0,0,0,0,0,1,1,0,0,3,4,4,2,0,1,6,15,53,113,131,91,42,17,5,4,6,5,3,2,1,0,1,0,1,0,0,1,0,0
2003,10,16,0,0,50,0,0,0,0,0,0,0,0,0,0,0,0,0,1,0,3,21,76,274,520,583,284,76,51,143,318,420,400,261,113,56,27,18,8,3,2,0,0,0,1,1,1,0,0,0
2004,1,16,0,0,50,0,0,0,0,0,0,0,0,0,0,0,0,0,0,0,0,0,10,75,212,303,235,106,34,31,29,69,93,104,71,39,21,13,6,3,0,0,0,1,0,1,0,0,0,0
2004,4,16,0,0,50,0,0,0,0,0,0,0,0,0,0,0,0,0,0,0,0,0,0,0,4,3,6,34,44,80,81,66,51,44,42,50,47,38,28,14,7,2,0,0,0,0,0,0,0,0
2004,7,16,0,0,35.6,0,0,0,0,0,0,0,0,0,0,0,0,0,0,0,1,2,0,1,3,14,17,24,25,39,42,64,46,35,16,7,7,6,2,4,0,0,0,1,0,0,0,0,0,0
2004,10,16,0,0,50,0,0,0,0,0,0,0,0,0,0,0,0,0,0,2,1,3,10,27,43,46,74,61,25,9,26,73,140,201,181,96,28,12,9,4,3,0,0,0,0,0,0,0,0,0
2005,1,16,0,0,50,0,0,0,0,0,0,0,0,0,0,0,0,0,0,0,0,0,2,8,20,50,99,141,81,51,22,33,77,129,114,82,41,21,7,5,0,0,0,0,0,0,0,0,0,0
2005,4,16,0,0,50,0,0,0,0,0,0,0,0,0,0,0,0,0,0,0,0,0,0,0,0,11,12,30,52,74,108,98,147,241,269,342,291,184,64,35,27,3,5,2,3,2,1,0,0,0
2005,7,16,0,0,50,0,0,0,0,0,0,0,0,0,0,0,1,1,1,2,4,11,19,18,2,2,1,4,15,46,84,94,78,51,29,20,16,21,17,7,7,1,3,1,0,0,0,0,0,0
2005,10,16,0,0,50,0,0,0,0,0,0,0,0,0,0,0,3,2,2,3,10,53,100,182,164,127,135,74,39,23,31,69,77,137,109,64,30,23,12,9,4,0,2,2,0,0,0,0,0,0
2006,1,16,0,0,41.5,0,0,0,0,0,0,0,0,0,0,0,0,0,0,0,0,0,0,1,11,22,32,45,48,22,18,11,14,30,35,29,35,30,15,10,5,0,0,0,2,0,0,0,0,0
2006,4,16,0,0,49.6,0,0,0,0,0,0,0,0,0,0,0,0,0,0,1,0,3,3,8,22,31,36,39,22,18,22,17,20,35,50,55,51,22,23,7,8,0,1,0,0,2,0,0,0,0
2006,7,16,0,0,39.7,0,0,0,0,0,0,0,0,0,0,0,0,1,0,1,0,0,0,1,1,2,10,31,51,62,52,77,49,19,14,9,7,5,2,1,2,0,0,0,0,0,0,0,0,0
2006,10,16,0,0,50,0,0,0,0,0,0,0,0,0,0,0,0,0,0,0,0,3,5,13,13,21,9,8,11,46,87,153,127,81,34,11,10,4,3,1,0,0,1,1,0,0,0,0,0,0
2007,1,16,0,0,11.1,0,0,0,0,0,0,0,0,0,0,0,0,0,0,0,0,0,0,3,8,10,12,6,3,5,6,5,8,10,7,10,5,4,4,1,2,1,1,0,0,0,0,0,0,0
2007,4,16,0,0,19.6,0,0,0,0,0,0,0,0,0,0,0,0,0,0,0,0,0,0,0,0,0,1,1,3,5,12,15,16,17,28,37,21,15,16,6,1,0,0,1,1,0,0,0,0,0
2007,7,16,0,0,5.6,0,0,0,0,0,0,0,0,0,0,1,0,0,0,0,0,1,1,0,0,0,0,0,0,2,3,2,5,5,7,7,7,6,8,1,0,0,0,0,0,0,0,0,0,0
2007,10,16,0,0,15.4,0,0,0,0,0,0,0,0,0,0,0,0,0,0,2,0,5,4,10,10,12,17,7,4,5,3,11,15,15,10,9,5,2,4,2,0,0,1,0,0,0,0,0,0,1
2008,1,16,0,0,18,0,0,0,0,0,0,0,0,0,0,0,0,0,0,0,0,0,0,1,5,7,20,18,15,15,8,5,9,13,15,13,18,10,4,2,2,0,0,0,0,0,0,0,0,0
2008,4,16,0,0,50,0,0,0,0,0,0,0,0,0,0,0,0,1,0,0,0,0,0,0,1,0,10,17,36,54,65,71,59,61,77,78,100,76,44,27,8,9,9,3,0,0,0,2,0,0
2008,7,16,0,0,19.3,0,0,0,0,0,0,0,0,0,0,0,0,0,0,0,0,0,0,0,0,0,2,2,10,29,30,23,20,14,13,11,14,10,9,1,4,0,0,0,0,0,0,1,0,0
2008,10,16,0,0,37.5,0,0,0,0,0,0,0,0,0,1,0,1,0,0,3,5,11,19,28,34,43,29,12,8,9,17,22,48,37,17,17,5,4,3,1,0,0,0,0,0,1,0,0,0,0
2009,1,16,0,0,23.5,0,0,0,0,0,0,0,0,0,1,0,0,0,0,0,0,0,2,9,16,21,26,18,7,3,4,9,14,19,28,21,12,15,4,3,1,1,0,0,0,0,0,0,0,1
2009,4,16,0,0,50,0,0,0,0,0,0,0,0,0,0,0,0,0,0,0,0,0,0,0,1,0,7,9,19,28,50,25,13,30,47,64,79,68,50,20,16,1,1,0,0,0,0,0,0,0
2009,7,16,0,0,21.7,0,0,0,0,0,0,0,0,0,0,0,0,0,0,0,0,0,0,1,0,1,2,3,10,9,19,32,27,20,19,12,17,19,16,1,6,1,1,0,0,0,0,1,0,0
2009,10,16,0,0,17.6,0,0,0,0,0,0,0,0,0,0,0,0,0,0,0,1,3,0,2,7,4,10,7,2,2,4,16,29,31,19,19,5,9,4,0,1,1,0,0,0,0,0,0,0,0
2010,1,16,0,0,13,0,0,0,0,0,0,0,0,0,0,0,0,0,0,0,0,0,1,0,0,3,2,4,3,4,4,6,8,13,21,18,20,14,3,3,3,0,0,0,0,0,0,0,0,0
2010,4,16,0,0,19.8,0,0,0,0,0,0,0,0,0,0,0,0,0,0,0,0,0,0,0,0,0,0,1,2,2,3,5,6,16,17,24,34,34,30,15,6,2,1,0,0,0,0,0,0,0
2010,7,16,0,0,8.7,0,0,0,0,0,0,0,0,0,0,0,0,0,0,0,0,0,0,0,0,0,0,0,3,1,2,11,11,12,8,8,11,7,6,4,3,0,0,0,0,0,0,0,0,0
2010,10,16,0,0,12.5,0,0,0,0,0,0,0,0,0,0,0,0,0,0,0,1,1,0,1,6,4,3,2,4,1,4,5,17,29,20,16,7,0,0,1,2,0,0,1,0,0,0,0,0,0
2011,1,16,0,0,50,0,0,0,0,0,0,0,0,0,0,0,0,0,0,0,0,2,7,25,80,156,169,114,65,36,26,17,12,10,16,15,19,6,4,1,0,0,1,0,0,0,0,0,0,0
2011,4,16,0,0,41.7,0,0,0,0,0,0,0,0,0,0,0,0,0,0,0,0,0,1,2,4,20,29,30,31,42,26,28,14,17,15,29,38,35,31,12,5,3,3,0,0,2,0,0,0,0
2011,7,16,0,0,5.8,0,0,0,0,0,0,0,0,0,0,0,0,0,0,0,0,0,0,0,1,0,2,3,5,7,7,11,3,4,1,1,5,2,4,0,0,1,1,0,0,0,0,0,0,0
2011,10,16,0,0,45.5,0,0,0,0,0,0,0,0,0,0,1,0,0,0,1,7,19,25,40,53,45,33,19,9,16,13,37,50,36,24,9,5,3,4,3,1,0,1,1,0,0,0,0,0,0
2012,1,16,0,0,41.9,0,0,0,0,0,0,0,0,0,0,0,0,0,0,0,0,1,7,27,26,45,49,45,31,19,13,18,30,44,28,18,13,3,1,0,1,0,0,0,0,0,0,0,0,0
2012,4,16,0,0,25.2,0,0,0,0,0,0,0,0,0,0,0,0,0,0,0,0,0,0,0,1,4,2,9,17,17,20,23,12,14,18,32,32,21,8,10,6,2,1,1,0,1,0,1,0,0
2012,7,16,0,0,9,0,0,0,0,0,0,0,0,0,0,0,0,0,0,0,0,0,0,0,0,0,0,0,1,2,9,25,17,10,5,7,5,5,2,1,0,1,0,0,0,0,0,0,0,0
2012,10,16,0,0,20.4,0,0,0,0,0,0,0,0,0,0,0,0,0,0,0,0,3,3,9,11,8,15,12,11,4,12,16,24,34,15,8,7,8,2,1,1,0,0,0,0,0,0,0,0,0
2013,1,16,0,0,12.6,0,0,0,0,0,0,0,0,0,0,0,0,0,0,0,0,1,1,9,7,6,7,6,13,10,4,6,9,11,7,15,5,3,1,5,0,0,0,0,0,0,0,0,0,0
2013,4,16,0,0,33.3,0,0,0,0,0,0,0,0,0,0,0,0,0,0,0,0,0,0,0,1,0,2,7,9,9,13,12,12,22,32,58,53,53,23,13,6,5,0,1,0,1,0,0,0,1
2013,7,16,0,0,11.7,0,0,0,0,0,0,0,0,0,0,1,0,0,0,1,0,0,1,1,0,0,1,0,2,12,29,28,20,8,3,3,1,5,0,1,0,0,0,0,0,0,0,0,0,0
2013,10,16,0,0,44.1,0,0,0,0,0,0,0,0,0,0,0,0,0,0,1,1,4,5,20,52,44,32,20,7,7,14,28,62,74,35,12,13,4,4,0,1,1,0,0,0,0,0,0,0,0
2014,1,16,0,0,33.4,0,0,0,0,0,0,0,0,0,0,0,0,0,0,0,1,1,7,31,68,73,42,27,10,11,5,5,12,8,10,7,7,5,2,0,1,0,0,0,0,1,0,0,0,0
2014,4,16,0,0,20.8,0,0,0,0,0,0,0,0,0,0,0,0,0,0,0,0,0,0,0,1,9,10,14,12,18,15,15,10,7,12,16,23,17,13,9,5,0,1,1,0,0,0,0,0,0
2014,7,16,0,0,17.1,0,0,0,0,0,0,0,0,0,0,0,0,0,0,0,0,0,0,0,0,0,3,0,4,21,33,39,25,7,4,11,10,4,3,5,0,1,0,0,0,1,0,0,0,0
2014,10,16,0,0,37.6,0,0,0,0,0,0,0,0,0,0,0,0,0,0,0,0,1,0,4,8,11,10,15,19,19,30,42,72,72,38,17,9,5,0,2,1,1,0,0,0,0,0,0,0,0
2015,1,16,0,0,19.2,0,0,0,0,0,0,0,0,0,0,0,0,0,0,0,0,0,1,4,6,4,10,6,7,13,10,10,8,16,35,28,20,7,3,1,2,1,0,0,0,0,0,0,0,0
2015,4,16,0,0,30.6,0,0,0,0,0,0,0,0,0,0,0,0,0,0,0,1,0,1,0,3,2,5,5,1,9,11,14,21,16,41,54,41,34,25,9,6,3,0,1,0,1,0,1,1,0
2015,7,16,0,0,7.9,0,0,0,0,0,0,0,0,0,0,0,0,0,0,0,0,0,0,0,0,1,0,3,2,5,12,17,10,7,3,5,4,4,2,2,1,1,0,0,0,0,0,0,0,0
2015,10,16,0,0,46.5,0,0,0,0,0,0,0,0,1,0,0,0,0,0,0,1,0,6,4,15,19,16,10,6,14,12,20,70,102,91,36,21,10,3,2,4,1,0,0,0,0,0,1,0,0
2016,1,16,0,0,42.8,0,0,0,0,0,0,0,0,0,0,0,0,0,0,0,0,0,1,5,16,34,72,89,37,13,7,10,11,14,32,33,26,13,6,5,3,0,0,0,1,0,0,0,0,0
2016,4,16,0,0,32.3,0,0,0,0,0,0,0,0,0,0,0,0,0,0,0,0,0,0,0,4,1,6,8,12,17,31,22,20,21,18,37,42,35,26,14,6,2,1,0,0,0,0,0,0,0
2016,7,16,0,0,9,0,0,0,0,0,0,0,0,0,0,0,0,0,0,0,0,1,0,0,0,1,1,1,0,1,9,13,9,2,5,9,12,9,10,2,4,0,1,0,0,0,0,0,0,0
2016,10,16,0,0,20.9,0,0,0,0,0,0,0,0,0,0,0,1,0,0,0,1,1,3,8,14,28,17,9,8,5,7,7,24,16,16,11,14,7,2,5,3,1,1,0,0,0,0,0,0,0
2017,1,16,0,0,24.2,0,0,0,0,0,0,0,0,0,0,0,0,0,0,0,0,0,0,1,8,21,35,34,13,8,8,6,14,14,24,18,16,9,5,5,3,0,0,0,0,0,0,0,0,0
2017,4,16,0,0,24.9,0,0,0,0,0,0,0,0,0,0,0,0,0,0,0,0,0,0,0,1,1,2,3,9,16,28,18,19,22,20,32,20,19,13,12,9,3,1,1,0,0,0,0,0,0
2017,7,16,0,0,7.9,0,0,0,0,0,0,0,0,0,0,0,0,0,0,0,0,0,0,1,0,0,0,5,5,6,22,18,7,5,2,0,6,0,2,0,0,0,0,0,0,0,0,0,0,0
2017,10,16,0,0,40.8,0,0,0,0,0,0,0,0,0,0,0,0,0,0,0,2,2,3,5,23,46,59,38,17,20,16,34,35,31,32,21,9,4,2,1,4,2,1,0,1,0,0,0,0,0
2018,1,16,0,0,38.9,0,0,0,0,0,0,0,0,0,0,0,0,0,0,0,0,0,0,2,5,22,45,76,57,26,7,21,18,26,33,24,12,5,2,3,4,1,0,0,0,0,0,0,0,0
2018,4,16,0,0,28,0,0,0,0,0,0,0,0,0,0,0,0,0,0,0,0,0,0,0,1,1,7,7,13,43,26,21,17,25,28,26,23,15,13,6,4,2,1,1,0,0,0,0,0,0
2018,7,16,0,0,9.9,0,0,0,0,0,0,0,0,0,0,0,0,0,0,1,0,0,0,1,0,0,2,6,3,7,12,16,23,4,8,4,5,2,2,2,1,0,0,0,0,0,0,0,0,0
2018,10,16,0,0,45.2,0,0,0,0,0,0,0,0,0,0,0,0,0,0,0,1,5,5,25,42,61,47,28,9,9,12,33,46,55,26,22,12,5,2,2,2,1,1,0,0,0,0,0,0,1
2019,1,16,0,0,49,0,0,0,0,0,0,0,0,0,0,0,0,0,0,1,0,1,1,2,17,51,84,77,63,25,19,18,24,30,30,15,13,8,5,4,0,0,0,0,0,0,1,0,1,0
2019,4,16,0,0,24.4,0,0,0,0,0,0,0,0,0,0,0,0,0,0,0,0,0,0,0,0,1,4,10,8,15,18,17,16,25,23,36,35,19,12,1,4,0,0,0,0,0,0,0,0,0
2019,7,16,0,0,15.8,0,0,0,0,0,0,0,0,0,0,0,0,0,0,0,0,0,0,0,1,3,6,14,26,29,24,12,10,6,4,7,4,8,1,0,1,0,0,0,0,2,0,0,0,0
2019,10,16,0,0,47.3,0,0,0,0,0,0,0,0,0,0,0,0,0,0,0,0,1,3,9,13,11,11,14,16,43,61,73,70,43,28,27,11,14,12,4,5,3,0,0,1,0,0,0,0,0
2020,1,16,0,0,34.7,0,0,0,0,0,0,0,0,0,0,0,0,0,0,0,0,0,0,0,6,18,27,30,20,21,29,32,40,50,27,18,9,7,6,0,2,1,1,1,0,0,0,1,0,1
2020,4,16,0,0,10.6,0,0,0,0,0,0,0,0,0,0,0,0,0,0,0,0,0,0,0,0,0,1,3,4,5,5,4,8,12,17,14,16,6,4,2,1,1,0,0,0,0,0,0,0,3
2020,7,16,0,0,18.1,0,0,0,0,0,0,0,0,0,0,0,0,0,0,0,0,0,1,0,0,1,2,6,21,46,44,28,13,5,0,4,4,5,1,0,0,0,0,0,0,0,0,0,0,0
2020,10,16,0,0,27.8,0,0,0,0,0,0,0,0,0,0,0,0,0,0,0,0,2,3,2,10,6,4,7,10,5,22,33,50,59,26,12,11,5,5,1,3,1,1,0,0,0,0,0,0,0
2004,1,18,0,0,50,0,0,0,0,0,0,0,0,0,0,1,0,0,1,0,3,2,4,25,27,45,38,38,32,48,38,61,65,34,61,46,48,33,41,46,15,12,3,4,2,6,3,1,0,1
2004,4,18,0,0,16.3,0,0,0,0,0,0,0,0,0,0,0,0,0,0,0,0,2,1,3,2,4,6,2,8,21,8,2,1,6,4,13,5,7,11,10,8,12,6,8,5,2,1,3,0,2
2004,7,18,0,0,11.8,0,0,0,0,0,0,0,0,0,0,1,0,0,0,0,0,0,0,0,0,0,0,4,2,4,2,1,1,4,7,6,14,14,7,8,7,6,9,5,6,9,0,1,0,0
2004,10,18,0,0,18,0,0,0,0,0,0,0,0,0,0,0,0,0,0,0,0,0,0,0,0,1,4,4,8,3,5,5,13,9,5,3,12,19,24,23,20,7,2,5,5,3,0,0,0,0
2005,1,18,0,0,50,0,0,0,0,0,0,0,0,0,0,1,0,0,0,0,1,1,0,1,1,2,2,9,15,25,17,21,12,21,25,53,60,61,70,69,38,17,9,8,6,5,1,3,1,1
2005,4,18,0,0,15.3,0,0,0,0,0,0,0,0,0,0,1,1,1,1,0,1,2,0,2,2,1,1,6,4,12,10,9,15,7,8,11,16,13,12,7,2,2,2,1,1,0,0,0,0,2
2005,7,18,0,0,8.9,0,0,0,0,0,0,0,0,0,0,0,0,0,0,0,3,2,1,0,1,3,2,4,3,5,12,6,3,10,1,5,6,4,6,3,1,0,3,2,1,2,0,0,0,0
2005,10,18,0,0,27.4,0,0,0,0,0,0,0,0,0,0,0,0,0,0,0,0,0,0,2,0,0,0,2,4,3,4,8,11,12,18,17,15,17,51,48,23,12,10,14,2,0,0,1,0,0
2006,1,18,0,0,21.2,0,0,0,0,0,0,0,0,0,0,0,0,0,0,0,0,1,0,0,0,1,0,1,1,2,2,7,9,17,6,11,21,32,19,15,16,11,11,6,7,4,3,3,2,4
2006,4,18,0,0,3.5,0,0,0,0,0,0,0,0,0,0,0,0,0,0,0,0,0,0,0,0,0,0,1,0,0,0,1,1,1,2,2,0,0,0,1,0,5,8,4,1,5,0,2,1,0
2006,10,18,0,0,7.6,0,0,0,0,0,0,0,0,0,0,0,0,0,0,0,0,0,1,3,1,0,1,0,1,1,0,0,0,1,0,1,6,6,12,15,13,5,3,2,1,1,1,0,0,1
2007,1,18,0,0,16.5,0,0,0,0,0,0,0,0,0,0,0,0,0,0,0,0,0,0,0,0,0,0,1,2,2,3,4,5,8,20,24,25,9,11,8,9,5,9,7,3,7,0,2,0,1
2007,4,18,0,0,8.9,0,0,0,0,0,0,0,0,0,0,0,0,0,0,0,0,0,1,0,0,0,0,0,2,0,9,5,21,6,8,5,7,4,4,2,7,3,3,0,1,0,1,0,0,0
2007,10,18,0,0,1.8,0,0,0,0,0,0,0,0,0,0,0,0,0,0,0,1,0,0,0,0,0,0,0,1,0,1,1,1,0,0,1,1,1,5,0,1,1,0,1,0,0,0,0,1,1
2008,1,18,0,0,12.9,0,0,0,0,0,0,0,0,0,0,0,0,0,0,0,0,0,0,0,0,0,0,0,2,3,4,7,13,6,6,16,14,13,14,18,5,2,1,3,0,1,1,0,0,0
2008,4,18,0,0,11.4,0,0,0,0,0,0,0,0,0,0,0,0,0,0,0,0,0,0,0,0,0,0,0,2,4,5,6,4,13,4,14,10,12,11,11,7,4,2,0,2,0,1,1,1,0
2008,7,18,0,0,2.7,0,0,0,0,0,0,0,0,0,0,0,0,0,0,0,0,0,0,0,0,0,1,0,1,1,3,0,2,7,1,2,0,1,2,0,1,1,0,1,0,1,1,0,0,1
2009,1,18,0,0,5.2,0,0,0,0,0,0,0,0,0,0,0,0,0,0,0,0,0,0,0,0,0,1,1,1,3,4,5,7,3,4,3,4,3,1,2,3,1,1,2,2,1,0,0,0,0
2009,4,18,0,0,7.9,0,0,0,0,0,0,0,0,0,0,0,0,0,2,0,0,0,0,0,0,0,0,4,0,0,6,9,15,7,5,4,5,5,2,6,3,3,2,0,1,0,0,0,0,0
2009,10,18,0,0,2.1,0,0,0,0,0,0,0,0,0,0,0,0,0,0,0,0,0,0,0,0,0,0,0,0,0,0,1,2,1,1,4,2,1,4,3,1,0,0,0,1,0,0,0,0,0
2010,1,18,0,0,6.6,0,0,0,0,0,0,0,0,0,0,0,0,0,0,0,0,0,0,0,0,0,0,0,0,1,4,2,5,3,2,6,12,6,7,9,1,1,2,2,2,0,1,0,0,0
2010,4,18,0,0,11.4,0,0,0,0,0,0,0,0,0,0,0,0,0,0,0,0,0,0,0,0,0,0,5,8,2,6,11,28,19,13,7,1,4,2,3,2,1,1,0,1,0,0,0,0,0
2010,7,18,0,0,5.7,0,0,0,0,0,0,0,0,0,0,0,0,0,0,0,0,0,0,0,0,0,0,3,0,3,19,3,2,10,6,10,0,1,0,0,0,0,0,0,0,0,0,0,0,0
2010,10,18,0,0,4.5,0,0,0,0,0,0,0,0,0,0,0,0,0,0,0,0,0,0,0,0,0,0,0,0,0,0,0,0,1,1,5,5,6,5,5,9,2,1,2,1,0,1,0,0,1
2011,1,18,0,0,12.8,0,0,0,0,0,0,0,0,0,0,0,0,0,0,0,0,0,0,1,2,1,0,0,0,6,7,4,2,3,8,16,14,9,11,15,6,6,3,3,3,5,1,1,0,1
2011,4,18,0,0,22.2,0,0,0,0,0,0,0,0,0,0,0,0,0,0,0,0,0,0,0,1,0,1,2,12,7,13,15,10,18,15,15,20,18,20,13,7,8,8,7,1,3,3,3,0,2
2011,7,18,0,0,2.7,0,0,0,0,0,0,0,0,0,0,0,0,1,5,3,2,0,3,0,0,0,0,0,1,0,1,0,1,0,1,1,2,2,1,0,3,0,0,0,0,0,0,0,0,0
2012,1,18,0,0,28.5,0,0,0,0,0,0,0,0,0,0,0,0,0,0,0,0,1,1,0,1,0,0,5,2,5,7,24,31,35,21,28,34,16,20,15,8,5,1,10,6,4,2,0,1,2
2012,4,18,0,0,50,0,0,0,0,0,0,0,0,0,0,0,0,0,0,0,0,0,0,0,0,2,1,3,8,6,10,41,36,56,39,58,87,75,47,36,22,14,4,3,3,4,0,2,1,8
2012,7,18,0,0,1.7,0,0,0,0,0,0,0,0,0,0,0,0,0,0,0,0,0,0,0,0,0,0,0,0,0,0,0,0,1,1,0,4,6,4,1,0,0,0,0,0,0,0,0,0,0
2013,1,18,0,0,22.2,0,0,0,0,0,0,0,0,0,0,0,0,0,0,0,0,0,0,0,0,0,0,0,2,4,9,7,8,19,21,24,24,30,19,16,12,7,5,3,6,0,1,2,1,2
2013,4,18,0,0,15,0,0,0,0,0,0,0,0,0,0,0,0,0,0,0,0,0,0,0,0,1,0,0,0,0,4,3,5,5,13,15,8,33,19,14,4,7,6,7,4,1,0,1,0,0
2014,1,18,0,0,5.8,0,0,0,0,0,0,0,0,0,0,0,0,0,0,0,1,0,0,0,0,0,1,2,0,1,0,5,1,3,6,7,7,6,5,1,4,2,2,3,0,1,0,0,0,0
2014,4,18,0,0,4.2,0,0,0,0,0,0,0,0,0,0,0,0,0,0,0,0,0,0,0,0,0,0,0,0,0,0,0,0,2,1,1,4,5,12,8,1,3,1,3,0,1,0,0,0,0
2015,1,18,0,0,11.4,0,0,0,0,0,0,0,0,0,0,0,0,0,0,0,0,0,0,0,0,1,0,9,3,2,7,5,7,7,5,13,12,0,7,5,7,11,1,5,1,4,1,0,0,1
2015,4,18,0,0,1.9,0,0,0,0,0,0,0,0,0,0,0,0,0,0,0,0,0,0,0,0,0,1,0,0,0,0,2,0,2,2,2,3,2,0,2,1,0,1,1,0,0,0,0,0,0
2016,1,18,0,0,3.3,0,0,0,0,0,0,0,0,0,0,0,0,0,0,0,0,0,0,0,0,0,0,1,0,0,2,2,3,3,0,2,2,4,1,3,4,3,2,1,0,0,0,0,0,0
2016,4,18,0,0,6.8,0,0,0,0,0,0,0,0,0,0,0,0,0,0,0,0,0,0,0,0,3,1,3,2,2,1,2,3,3,4,3,6,14,2,6,3,1,2,4,1,0,1,1,0,0
2016,10,18,0,0,1.6,0,0,0,0,0,0,0,0,0,0,0,0,0,0,0,0,0,0,0,0,0,0,0,0,0,0,0,0,1,0,0,1,0,3,1,1,4,3,0,0,1,1,0,0,0
2017,1,18,0,0,15.9,0,0,0,0,0,0,0,0,0,0,0,0,0,0,0,0,0,0,0,0,1,0,0,3,41,15,14,5,0,3,2,1,11,7,9,9,10,7,8,4,1,3,3,0,2
2017,4,18,0,0,2.9,0,0,0,0,0,0,0,0,0,0,0,0,0,0,0,0,0,0,0,0,0,0,0,0,1,1,0,2,2,4,1,1,0,1,0,2,4,3,2,3,1,0,0,0,1
2017,10,18,0,0,3.2,0,0,0,0,0,0,0,0,0,0,0,0,0,0,0,0,0,0,0,0,0,0,0,0,1,3,3,1,4,1,2,1,1,0,7,2,3,0,2,1,0,0,0,0,0
2018,1,18,0,0,7.6,0,0,0,0,0,0,0,0,0,0,0,0,0,0,0,0,0,0,1,0,0,0,1,2,3,3,5,1,3,4,6,2,6,6,4,4,3,6,8,4,3,0,0,1,0
2018,4,18,0,0,2.7,0,0,0,0,0,0,0,0,0,0,0,0,0,0,0,0,0,0,2,1,1,1,0,1,2,1,0,1,0,0,1,0,1,0,2,1,0,1,5,4,0,1,0,0,1
2018,7,18,0,0,3.3,0,0,0,0,0,0,0,0,0,0,0,0,0,0,0,0,0,2,4,0,2,2,2,2,0,2,0,0,6,2,0,1,2,2,0,1,0,0,1,0,1,1,0,0,0
2018,10,18,0,0,2.6,0,0,0,0,0,0,0,0,0,0,0,0,0,0,0,0,0,1,0,0,0,0,0,0,0,1,1,1,0,0,0,1,2,2,2,8,1,0,4,1,0,0,0,0,1
2019,1,18,0,0,6.6,0,0,0,0,0,0,0,0,0,0,0,0,0,0,0,0,0,0,0,0,0,0,0,2,6,5,6,4,6,5,4,2,4,3,1,8,3,3,2,0,1,0,0,0,1
2019,4,18,0,0,5.6,0,0,0,0,0,0,0,0,0,0,0,0,0,0,0,0,0,0,0,0,0,0,2,10,12,3,4,1,3,5,3,2,1,2,0,3,1,0,1,2,0,0,0,1,0
2019,7,18,0,0,2.3,0,0,0,0,0,0,0,0,0,0,0,0,0,0,0,0,0,1,1,0,0,0,0,1,5,4,4,0,0,0,0,0,3,0,0,1,0,1,0,0,1,1,0,0,0
2019,10,18,0,0,7.2,0,0,0,0,0,0,0,0,0,0,0,0,0,0,0,0,0,0,0,0,0,0,0,3,6,17,8,1,2,1,1,1,4,2,3,5,5,7,2,0,0,2,1,1,0
2020,1,18,0,0,9.5,0,0,0,0,0,0,0,0,0,0,0,0,0,0,0,0,0,0,0,0,0,0,0,3,7,10,15,0,2,2,2,5,7,4,4,9,7,7,4,3,1,3,0,0,0
2020,4,18,0,0,3.5,0,0,0,0,0,0,0,0,0,0,0,0,0,0,0,0,0,0,0,0,0,0,0,0,6,9,2,3,0,1,2,1,1,0,2,3,0,0,3,1,1,0,0,0,0
2020,10,18,0,0,2,0,0,0,0,0,0,0,0,0,0,0,0,0,0,0,0,0,0,0,0,0,0,0,0,0,0,0,0,0,0,0,0,3,3,1,1,1,2,5,1,0,0,2,0,1
-9999,0,0,0,0,0,0,0,0,0,0,0,0,0,0,0,0,0,0,0,0,0,0,0,0,0,0,0,0,0,0,0,0,0,0,0,0,0,0,0,0,0,0,0,0,0,0,0,0,0,0
